number,x,y
1,0,0
2,-1,0
3,-1,1
4,-1,2
5,-2,1
6,1,0
7,-3,1
8,0,2
9,0,1
10,-2,0
11,-2,-1
12,-3,-1
13,0,3
14,1,2
15,-4,-1
16,-3,2
17,-1,-1
18,-3,3
19,2,2
20,-4,2
21,1,-1
22,-5,2
23,-3,-2
24,-3,-3
25,-3,4
26,-2,2
27,-1,-2
28,-2,4
29,0,-2
30,0,4
31,-5,3
32,-5,4
33,0,5
34,-4,1
35,3,2
36,0,-3
37,-6,4
38,-2,-2
39,4,2
40,4,1
41,0,-4
42,4,3
43,3,1
44,0,-5
45,-5,5
46,-4,-3
47,4,0
48,-4,-4
49,1,-3
50,0,6
51,0,-6
52,2,0
53,1,-2
54,-5,-4
55,5,3
56,-6,3
57,2,-2
58,1,3
59,3,-2
60,5,0
61,6,0
62,-4,-5
63,-5,-1
64,5,4
65,0,-7
66,-1,-5
67,-6,2
68,6,-1
69,-4,5
70,6,-2
71,-5,1
72,1,5
73,-1,-3
74,3,3
75,-7,3
76,1,-5
77,2,-5
78,-8,3
79,-2,-5
80,5,5
81,-1,6
82,-4,-6
83,6,3
84,-1,5
85,-4,-7
86,6,1
87,-2,6
88,-5,-5
89,0,-8
90,-5,6
91,-8,4
92,-5,-2
93,-6,-4
94,-2,5
95,-1,-6
96,7,1
97,6,5
98,7,2
99,1,-8
100,3,-3
101,-9,3
102,-9,2
103,-6,5
104,-5,-7
105,7,3
106,-6,6
107,-7,4
108,-5,-8
109,7,4
110,-8,2
111,-6,7
112,-5,7
113,0,7
114,2,-3
115,5,-2
116,-6,-7
117,-1,-7
118,8,4
119,-6,-8
120,-3,-5
121,0,-9
122,-7,-8
123,-6,-3
124,8,1
125,-6,-9
126,-9,4
127,-7,6
128,0,-10
129,-8,5
130,-7,7
131,5,6
132,4,-1
133,1,-10
134,2,-10
135,3,-4
136,-6,-2
137,2,-8
138,-9,1
139,4,5
140,-9,0
141,7,-2
142,-5,-9
143,9,1
144,-7,-4
145,8,-2
146,5,7
147,0,8
148,10,1
149,6,7
150,3,-8
151,-7,-2
152,8,0
153,7,-3
154,-6,-10
155,-1,-8
156,-7,-5
157,-2,-8
158,3,-10
159,1,-11
160,4,6
161,9,-2
162,8,5
163,-7,-10
164,5,8
165,-1,8
166,-10,4
167,-8,-8
168,-6,-11
169,0,9
170,-6,-6
171,-10,0
172,-8,-10
173,-6,-12
174,-9,5
175,-9,6
176,10,-2
177,-5,-12
178,-7,-12
179,-11,4
180,3,-11
181,11,-2
182,-8,-2
183,-8,1
184,-10,-1
185,1,-6
186,4,-8
187,1,6
188,7,0
189,-11,3
190,11,1
191,-9,-2
192,7,7
193,-5,-13
194,2,5
195,2,-7
196,-12,4
197,-8,-11
198,-8,-12
199,1,9
200,11,-1
201,-9,-10
202,-5,-14
203,-8,6
204,-10,-10
205,-1,9
206,9,0
207,12,-1
208,-8,-9
209,1,10
210,3,-5
211,-9,7
212,-10,7
213,-6,8
214,-9,8
215,8,6
216,4,-10
217,-11,-10
218,-9,-12
219,9,4
220,-13,4
221,-12,5
222,10,0
223,5,9
224,-10,-9
225,-12,6
226,13,-1
227,13,0
228,4,-3
229,-6,-13
230,-12,-10
231,-12,-11
232,13,1
233,-9,9
234,-12,7
235,-13,3
236,-9,-13
237,9,6
238,11,-3
239,9,3
240,14,-1
241,14,-2
242,-1,-9
243,-14,4
244,-3,-8
245,-13,-11
246,12,-2
247,-15,4
248,-1,10
249,11,2
250,-10,8
251,-8,-13
252,-8,7
253,-14,5
254,6,-3
255,-8,-7
256,-9,10
257,9,-3
258,-1,11
259,10,4
260,11,4
261,15,-2
262,-3,-9
263,3,-6
264,-11,2
265,-11,1
266,-8,9
267,-11,-9
268,-11,-1
269,-12,3
270,4,-4
271,6,9
272,-14,6
273,6,8
274,4,-9
275,-10,9
276,-12,-12
277,-12,8
278,-2,10
279,-11,-12
280,-2,9
281,16,-2
282,2,10
283,-5,-15
284,-8,-14
285,-2,11
286,-10,5
287,12,2
288,7,-4
289,5,-8
290,-4,-15
291,4,-6
292,5,-10
293,11,5
294,-14,3
295,5,10
296,-14,2
297,6,-10
298,-9,11
299,-11,-8
300,-12,-1
301,-10,-12
302,-15,5
303,5,-7
304,-2,7
305,-13,7
306,16,-3
307,1,11
308,-15,2
309,-12,-8
310,5,-4
311,16,-1
312,-8,-15
313,-7,-15
314,-8,11
315,-7,9
316,-12,2
317,6,10
318,1,12
319,2,11
320,16,-4
321,12,4
322,-3,9
323,-16,2
324,7,-10
325,-11,-7
326,-15,6
327,-17,2
328,-12,-2
329,7,-9
330,5,11
331,1,-12
332,-3,11
333,-4,11
334,12,5
335,17,-4
336,-7,-16
337,6,11
338,17,-5
339,17,-6
340,-15,7
341,-9,12
342,-3,8
343,-10,-13
344,-16,4
345,-16,6
346,5,-5
347,11,6
348,17,-1
349,6,-11
350,1,-13
351,-5,-16
352,-4,12
353,2,-13
354,14,-3
355,-17,6
356,14,1
357,-2,12
358,9,7
359,-10,-14
360,-12,9
361,-10,11
362,14,2
363,15,-1
364,-4,13
365,-7,-14
366,13,5
367,14,5
368,-4,-12
369,-16,7
370,-4,14
371,3,-13
372,4,-11
373,18,-4
374,-13,-12
375,13,-2
376,19,-4
377,-5,-17
378,17,-7
379,-10,12
380,1,-14
381,-12,-13
382,17,0
383,-3,12
384,-10,10
385,-6,-16
386,-18,6
387,16,-7
388,-11,-6
389,-5,-18
390,0,-13
391,-3,14
392,0,10
393,-11,-14
394,-17,4
395,-3,13
396,18,-6
397,12,3
398,14,3
399,2,-14
400,19,-3
401,7,10
402,17,1
403,18,-7
404,-12,-6
405,10,6
406,-12,1
407,1,13
408,19,-5
409,-13,-6
410,4,-12
411,7,-11
412,17,-8
413,-2,13
414,5,12
415,15,3
416,-12,10
417,-11,9
418,-3,15
419,-16,1
420,20,-4
421,-13,-13
422,21,-4
423,-11,12
424,-4,9
425,-5,14
426,-2,15
427,-8,-16
428,5,13
429,3,-14
430,8,-11
431,2,-15
432,-19,6
433,19,-2
434,11,-4
435,-5,15
436,-18,2
437,-19,2
438,8,7
439,9,8
440,19,-6
441,-2,14
442,-16,0
443,9,9
444,-18,1
445,-12,-7
446,-5,-10
447,10,9
448,22,-4
449,-17,1
450,23,-4
451,10,10
452,-13,-2
453,4,13
454,-3,16
455,-20,6
456,6,12
457,8,-10
458,-5,-19
459,20,-2
460,-11,-15
461,15,-3
462,-6,15
463,20,-5
464,-4,-18
465,11,-5
466,-3,17
467,-10,-2
468,-18,4
469,11,10
470,4,-14
471,9,-11
472,11,7
473,-11,13
474,14,6
475,7,11
476,-20,2
477,21,-2
478,-4,-9
479,10,11
480,24,-4
481,-3,10
482,4,-15
483,-15,8
484,13,4
485,17,-9
486,5,-14
487,-8,-17
488,-17,7
489,-5,16
490,16,3
491,-1,15
492,-5,-20
493,2,-16
494,10,12
495,15,-4
496,7,12
497,18,-9
498,5,14
499,7,-12
500,11,11
501,-14,8
502,13,6
503,-18,7
504,12,-4
505,4,-13
506,10,7
507,-12,12
508,14,7
509,14,8
510,4,10
511,-14,-12
512,5,-12
513,-20,7
514,22,-2
515,6,14
516,-4,-17
517,10,13
518,-1,16
519,10,14
520,-14,-11
521,14,9
522,8,9
523,0,16
524,-14,-13
525,8,-12
526,-4,17
527,-8,-18
528,-13,9
529,-11,-16
530,-15,-12
531,23,-2
532,2,9
533,6,-14
534,-4,-10
535,0,17
536,13,9
537,19,-7
538,-21,7
539,-13,-14
540,23,-1
541,-5,11
542,21,-5
543,-5,10
544,-3,-12
545,-15,-13
546,0,13
547,-13,-3
548,-20,8
549,15,1
550,14,10
551,10,-11
552,7,-13
553,9,14
554,-5,12
555,-7,-18
556,10,-12
557,12,11
558,-16,-12
559,-10,-16
560,-4,18
561,12,-5
562,5,-15
563,17,3
564,20,-7
565,-3,5
566,10,15
567,18,-10
568,10,-13
569,-19,1
570,23,0
571,-11,-5
572,-14,-10
573,18,3
574,-18,8
575,-18,0
576,0,18
577,-2,17
578,18,-8
579,20,-8
580,-4,-14
581,-12,13
582,-12,-16
583,24,-1
584,-9,-18
585,11,-6
586,2,-17
587,19,-1
588,11,15
589,13,11
590,12,12
591,-19,3
592,-16,8
593,-13,-16
594,15,10
595,-19,5
596,18,4
597,0,15
598,0,19
599,-3,-18
600,-21,2
601,-1,19
602,15,7
603,23,-5
604,-22,7
605,2,-18
606,-8,-6
607,11,16
608,-6,-19
609,0,20
610,24,-3
611,0,21
612,13,-5
613,-11,11
614,-20,1
615,21,-8
616,15,8
617,6,-15
618,-3,-15
619,15,9
620,1,20
621,9,-12
622,-4,-20
623,13,12
624,10,-10
625,-14,-3
626,-7,15
627,-3,-13
628,-18,9
629,11,-10
630,23,-6
631,-17,9
632,-3,-20
633,-3,-21
634,-5,17
635,1,21
636,18,-11
637,7,-15
638,-4,-21
639,22,-8
640,-22,8
641,-15,-3
642,16,10
643,25,-3
644,-6,16
645,7,-16
646,1,-17
647,-14,-9
648,11,17
649,1,22
650,18,5
651,12,17
652,-13,-17
653,6,-16
654,19,-10
655,-9,-19
656,0,22
657,6,15
658,21,-1
659,-13,-15
660,-23,7
661,8,-15
662,25,-2
663,-18,10
664,-3,-22
665,-7,14
666,-5,-21
667,-18,-1
668,2,13
669,1,23
670,15,5
671,26,-2
672,-12,-17
673,-16,-13
674,-12,11
675,23,1
676,-19,8
677,18,6
678,18,7
679,26,-1
680,-19,10
681,11,13
682,-14,-15
683,18,0
684,23,-7
685,23,-8
686,0,23
687,27,-1
688,-15,-15
689,15,-7
690,20,-10
691,24,-6
692,-6,-20
693,-17,10
694,4,11
695,-15,-2
696,2,22
697,24,-5
698,8,-14
699,2,20
700,-21,1
701,-6,17
702,22,0
703,19,7
704,1,14
705,9,-14
706,-19,4
707,-16,-14
708,3,-16
709,2,14
710,14,12
711,23,-9
712,-20,0
713,17,-10
714,23,-10
715,-14,-8
716,-14,-17
717,-22,9
718,19,4
719,-17,-12
720,12,-10
721,24,-9
722,13,17
723,-6,18
724,-15,-16
725,-13,-5
726,-1,21
727,-3,18
728,-18,-12
729,25,-1
730,-21,0
731,13,-10
732,-21,3
733,1,-18
734,-11,14
735,-4,-22
736,17,10
737,10,17
738,-23,6
739,-23,9
740,-22,3
741,-21,9
742,-21,4
743,3,-18
744,-20,9
745,-5,-22
746,-7,-20
747,-10,14
748,13,-6
749,12,-11
750,7,14
751,-18,-13
752,-22,0
753,24,0
754,-9,-7
755,14,-10
756,-12,14
757,-23,0
758,-8,-20
759,-2,-21
760,-3,-23
761,27,0
762,17,7
763,26,-3
764,-2,21
765,-12,-18
766,20,7
767,-23,1
768,3,-19
769,-2,22
770,2,21
771,-24,7
772,17,-11
773,-24,9
774,-17,-14
775,-22,6
776,-2,-23
777,-5,-23
778,21,-10
779,-19,11
780,-2,18
781,3,-20
782,16,9
783,9,-15
784,12,18
785,-7,18
786,12,-12
787,-11,-18
788,-24,10
789,-19,12
790,-16,-15
791,-22,2
792,14,17
793,-19,-13
794,17,-12
795,21,-9
796,20,4
797,9,17
798,2,23
799,-17,-1
800,21,0
801,-11,-19
802,-16,-3
803,-3,-24
804,-13,-18
805,9,18
806,2,-20
807,-19,-1
808,-21,-1
809,9,19
810,22,1
811,-15,-4
812,-3,-25
813,-4,-23
814,17,5
815,-25,9
816,-23,2
817,18,8
818,-16,-16
819,-26,9
820,-3,-26
821,-5,-24
822,20,3
823,25,-6
824,4,-19
825,-20,12
826,-19,-14
827,21,-11
828,-13,-7
829,-16,-11
830,-12,15
831,1,-20
832,21,-12
833,23,-11
834,-2,-25
835,-3,-27
836,-5,-25
837,-22,5
838,13,16
839,21,7
840,25,-7
841,13,18
842,14,11
843,-2,23
844,-15,-9
845,-26,8
846,-11,-20
847,19,8
848,11,-13
849,-16,-17
850,13,15
851,-12,-19
852,-9,13
853,-8,-21
854,-4,-27
855,0,-20
856,21,-13
857,25,0
858,16,-9
859,10,-15
860,14,15
861,10,19
862,16,-12
863,-23,3
864,28,0
865,5,-16
866,28,-1
867,-16,-10
868,3,21
869,-27,8
870,23,-12
871,-11,15
872,18,9
873,24,-12
874,27,-2
875,20,5
876,22,-11
877,-27,7
878,-17,-16
879,-28,8
880,20,-12
881,3,-21
882,-11,-21
883,-16,-2
884,-2,20
885,-4,-25
886,4,-21
887,7,-17
888,-20,-13
889,-8,14
890,-1,-23
891,28,1
892,-6,-23
893,-7,17
894,2,-21
895,19,6
896,-5,-27
897,-7,19
898,16,11
899,-14,-18
900,0,24
901,21,8
902,-6,-21
903,22,2
904,4,21
905,24,-13
906,-3,22
907,7,-18
908,26,-4
909,-10,-21
910,21,2
911,-18,-11
912,-11,-22
913,21,5
914,12,19
915,25,-4
916,12,-13
917,-20,13
918,-27,9
919,26,-5
920,-18,12
921,-2,-26
922,-17,-3
923,5,-21
924,2,-22
925,27,-4
926,-19,-11
927,18,10
928,4,-20
929,24,-14
930,29,0
931,24,-10
932,-6,19
933,-15,-8
934,5,21
935,17,-13
936,-20,-11
937,25,-12
938,-8,-22
939,-13,11
940,-23,10
941,-2,-27
942,-12,16
943,19,10
944,26,0
945,24,-15
946,15,17
947,-5,-28
948,25,-8
949,-21,-11
950,24,-16
951,30,0
952,-15,-5
953,11,-14
954,18,-13
955,-27,6
956,25,-16
957,25,-17
958,30,-1
959,-4,-28
960,28,2
961,15,18
962,-12,17
963,-10,-18
964,2,24
965,-24,3
966,-13,13
967,-6,-28
968,-3,19
969,-28,6
970,29,2
971,-29,8
972,25,-18
973,31,-1
974,-28,5
975,-23,11
976,-12,-20
977,31,0
978,15,-12
979,10,-16
980,-24,0
981,24,-18
982,-5,19
983,25,-14
984,0,25
985,-5,-29
986,32,0
987,29,-1
988,-4,-29
989,-21,-12
990,-12,18
991,27,2
992,26,-16
993,22,-12
994,24,-19
995,-12,-22
996,-17,-15
997,25,-11
998,19,11
999,-22,-11
1000,15,15
1001,2,25
1002,-25,10
1003,-4,22
1004,-9,-21
1005,-17,-17
1006,-17,-18
1007,8,-16
1008,-1,-27
1009,-24,11
1010,-18,-16
1011,13,19
1012,5,-22
1013,26,-6
1014,-1,24
1015,-17,-4
1016,22,8
1017,13,-13
1018,23,-15
1019,-13,16
1020,21,-14
1021,19,12
1022,-20,14
1023,20,11
1024,-14,-19
1025,-30,8
1026,28,-2
1027,-31,8
1028,30,1
1029,26,-14
1030,-26,7
1031,-30,9
1032,-13,-22
1033,15,-10
1034,15,19
1035,-18,-18
1036,3,24
1037,-30,10
1038,26,-8
1039,-19,-2
1040,-21,-10
1041,20,12
1042,-22,11
1043,-1,-24
1044,32,1
1045,12,-14
1046,20,10
1047,26,-11
1048,-18,-15
1049,21,3
1050,27,-5
1051,31,1
1052,-22,-10
1053,21,10
1054,-13,18
1055,22,-14
1056,-21,-9
1057,26,2
1058,-15,-19
1059,19,-13
1060,14,18
1061,-7,-22
1062,0,-21
1063,-8,18
1064,3,25
1065,-18,13
1066,26,-18
1067,3,26
1068,-19,14
1069,30,2
1070,-6,-27
1071,33,1
1072,-18,-3
1073,31,-2
1074,27,3
1075,33,0
1076,15,12
1077,-9,-22
1078,-17,13
1079,2,-23
1080,-7,-28
1081,9,20
1082,16,19
1083,-32,8
1084,4,26
1085,0,-24
1086,-33,8
1087,30,3
1088,-20,-9
1089,-24,6
1090,15,-13
1091,1,-24
1092,31,-3
1093,-30,11
1094,-29,11
1095,25,-9
1096,26,-19
1097,-29,10
1098,6,-21
1099,27,-16
1100,6,-18
1101,-27,10
1102,-5,-26
1103,-15,-18
1104,8,-18
1105,-3,23
1106,3,22
1107,-25,0
1108,25,-13
1109,34,0
1110,-29,5
1111,32,2
1112,-14,9
1113,-11,-23
1114,-6,-29
1115,13,13
1116,-32,9
1117,1,-25
1118,-6,-30
1119,20,-13
1120,-10,15
1121,22,5
1122,-32,7
1123,-4,-30
1124,4,27
1125,-26,6
1126,-33,9
1127,-33,7
1128,-10,-23
1129,-18,-17
1130,32,-2
1131,-23,12
1132,-7,20
1133,-3,20
1134,-20,-14
1135,-8,-28
1136,34,1
1137,6,21
1138,-19,-16
1139,30,-3
1140,18,11
1141,-13,-23
1142,23,-16
1143,-13,-21
1144,5,27
1145,31,3
1146,-19,15
1147,2,-24
1148,16,15
1149,-19,-17
1150,-24,2
1151,4,28
1152,-25,2
1153,-1,25
1154,1,25
1155,3,27
1156,-34,9
1157,-4,-31
1158,5,-23
1159,25,-19
1160,31,-4
1161,-20,-8
1162,23,5
1163,5,-20
1164,26,-17
1165,-20,-2
1166,22,9
1167,-19,-9
1168,-21,-2
1169,-19,16
1170,-19,-15
1171,13,14
1172,-33,6
1173,-20,-3
1174,-26,10
1175,33,-2
1176,-8,-29
1177,0,26
1178,-27,11
1179,27,-6
1180,-1,-25
1181,-7,-30
1182,-6,-24
1183,3,28
1184,-34,10
1185,-3,-29
1186,35,0
1187,18,-14
1188,15,20
1189,24,-20
1190,5,22
1191,-21,14
1192,-6,-26
1193,29,-3
1194,33,2
1195,-25,-1
1196,-31,9
1197,-9,-29
1198,-24,12
1199,33,3
1200,5,28
1201,-6,-31
1202,-20,-16
1203,23,-19
1204,-34,11
1205,1,-26
1206,-7,-24
1207,-13,-24
1208,36,0
1209,36,-1
1210,18,-15
1211,11,19
1212,37,-1
1213,-26,11
1214,-35,11
1215,-21,-8
1216,-34,7
1217,-35,10
1218,6,-19
1219,27,-14
1220,-36,10
1221,31,-5
1222,27,-18
1223,-2,24
1224,15,-14
1225,-2,25
1226,5,29
1227,-3,-28
1228,-34,8
1229,5,26
1230,14,13
1231,-5,20
1232,21,11
1233,26,-9
1234,8,17
1235,-30,5
1236,-37,10
1237,-11,-24
1238,-9,-28
1239,13,20
1240,15,-15
1241,14,20
1242,16,16
1243,22,4
1244,16,20
1245,3,29
1246,-9,18
1247,34,-2
1248,2,27
1249,-33,11
1250,-28,9
1251,-23,13
1252,17,20
1253,-13,19
1254,24,1
1255,1,-27
1256,2,-26
1257,-3,25
1258,-7,-31
1259,14,21
1260,-31,11
1261,16,17
1262,37,-2
1263,-25,-2
1264,32,-4
1265,-22,-9
1266,33,-4
1267,-20,-17
1268,27,-17
1269,6,26
1270,15,21
1271,-2,-29
1272,26,1
1273,-11,18
1274,38,-1
1275,4,-22
1276,16,14
1277,-37,11
1278,27,-19
1279,-21,15
1280,3,-24
1281,-28,4
1282,27,-9
1283,-4,25
1284,22,11
1285,-4,23
1286,5,30
1287,25,-20
1288,11,-16
1289,-3,-31
1290,-15,-20
1291,-11,-25
1292,-35,9
1293,19,-14
1294,-5,-30
1295,-20,-15
1296,34,-3
1297,14,-14
1298,-11,19
1299,-18,-19
1300,7,-21
1301,-10,19
1302,6,-23
1303,35,-1
1304,5,-24
1305,30,-5
1306,-17,-19
1307,-9,-30
1308,17,-15
1309,-37,12
1310,9,-18
1311,29,-4
1312,23,9
1313,-9,-23
1314,-8,20
1315,-38,12
1316,-38,13
1317,-23,4
1318,-7,-32
1319,-10,-29
1320,5,31
1321,-13,15
1322,-26,-2
1323,23,6
1324,4,29
1325,32,-5
1326,20,13
1327,38,-2
1328,-22,12
1329,-8,21
1330,34,2
1331,-4,21
1332,21,12
1333,-18,16
1334,-13,-25
1335,-13,20
1336,-38,10
1337,26,-7
1338,8,19
1339,-36,11
1340,6,29
1341,23,7
1342,20,14
1343,-39,12
1344,24,7
1345,2,28
1346,-36,12
1347,3,-25
1348,-1,26
1349,8,20
1350,28,-14
1351,6,31
1352,-18,17
1353,-25,12
1354,-31,5
1355,3,13
1356,8,-19
1357,35,1
1358,39,-1
1359,3,30
1360,7,-22
1361,-28,11
1362,17,16
1363,7,20
1364,-39,10
1365,-34,6
1366,-29,12
1367,-35,12
1368,-37,9
1369,0,-27
1370,-39,9
1371,-40,9
1372,-18,18
1373,29,-14
1374,-21,-13
1375,-14,20
1376,-40,8
1377,7,31
1378,24,8
1379,28,-17
1380,15,22
1381,39,-2
1382,-23,-11
1383,-24,-2
1384,20,-14
1385,21,14
1386,22,12
1387,27,-7
1388,0,-28
1389,34,3
1390,6,27
1391,18,12
1392,30,-14
1393,-37,8
1394,-2,-31
1395,-5,25
1396,40,-2
1397,-6,25
1398,-14,-22
1399,-7,-26
1400,2,26
1401,-19,18
1402,8,31
1403,-20,-10
1404,20,-15
1405,28,3
1406,-13,-20
1407,-28,3
1408,35,3
1409,28,4
1410,19,-15
1411,-5,26
1412,33,4
1413,21,15
1414,-28,12
1415,-39,13
1416,1,27
1417,29,-15
1418,3,-26
1419,19,-16
1420,-41,9
1421,7,27
1422,15,23
1423,16,22
1424,-39,8
1425,-35,6
1426,22,14
1427,-33,5
1428,-19,19
1429,-1,-31
1430,28,-9
1431,16,-14
1432,32,4
1433,36,3
1434,10,-18
1435,7,-20
1436,-39,7
1437,-9,21
1438,-2,-32
1439,-14,21
1440,-13,-26
1441,3,-23
1442,8,-22
1443,16,13
1444,28,-7
1445,-7,-33
1446,-39,11
1447,6,25
1448,-10,20
1449,33,-5
1450,36,-2
1451,-35,5
1452,8,-23
1453,-2,-33
1454,25,8
1455,-18,19
1456,-15,21
1457,36,1
1458,28,-15
1459,-37,7
1460,-11,-29
1461,17,19
1462,20,15
1463,40,-3
1464,-35,7
1465,33,-6
1466,30,4
1467,35,4
1468,31,4
1469,-5,24
1470,31,5
1471,-4,-32
1472,-15,-22
1473,28,-6
1474,29,-6
1475,-8,-32
1476,-23,-1
1477,-21,-7
1478,7,32
1479,18,19
1480,17,21
1481,-36,6
1482,-42,9
1483,-41,10
1484,18,21
1485,17,18
1486,-8,-30
1487,-17,18
1488,4,-25
1489,-43,9
1490,-41,11
1491,-24,-3
1492,9,-19
1493,31,-6
1494,16,23
1495,36,4
1496,-13,-27
1497,-42,11
1498,-44,9
1499,-5,-32
1500,-22,-12
1501,-44,8
1502,18,18
1503,5,-25
1504,41,-3
1505,-42,12
1506,-6,24
1507,40,-4
1508,33,5
1509,-43,12
1510,0,-31
1511,-29,13
1512,32,-6
1513,-15,22
1514,30,-13
1515,-13,-28
1516,-28,2
1517,5,-26
1518,-31,10
1519,-16,-19
1520,17,-16
1521,29,-17
1522,-43,11
1523,-3,26
1524,-6,-33
1525,-14,-27
1526,31,-7
1527,28,-13
1528,-1,-33
1529,-1,-34
1530,29,-7
1531,4,30
1532,31,6
1533,7,30
1534,-16,-20
1535,-5,27
1536,9,-20
1537,-11,-30
1538,28,-18
1539,-42,13
1540,-1,-29
1541,-7,24
1542,28,-19
1543,-31,12
1544,0,-33
1545,-11,-28
1546,28,-20
1547,32,6
1548,26,-20
1549,37,4
1550,-20,-18
1551,6,28
1552,34,5
1553,-28,7
1554,-4,-33
1555,-43,13
1556,-40,12
1557,26,3
1558,-45,8
1559,-23,-12
1560,-43,14
1561,0,-29
1562,6,-26
1563,-38,8
1564,-7,25
1565,17,14
1566,38,-3
1567,-30,7
1568,37,5
1569,-1,-32
1570,-11,-31
1571,-16,18
1572,35,5
1573,30,-6
1574,9,21
1575,-38,14
1576,6,-25
1577,-20,19
1578,-14,-26
1579,-3,27
1580,-7,-34
1581,40,-5
1582,-13,-29
1583,37,0
1584,-17,-20
1585,24,6
1586,34,-6
1587,35,-6
1588,-24,-11
1589,-7,26
1590,7,-25
1591,24,-21
1592,-31,4
1593,40,-6
1594,-27,-2
1595,-15,-27
1596,42,-3
1597,1,-29
1598,-16,-5
1599,38,4
1600,-45,9
1601,-20,20
1602,-45,10
1603,21,-15
1604,-21,-14
1605,-38,15
1606,-32,12
1607,-18,20
1608,-21,19
1609,-11,-32
1610,3,31
1611,-23,-3
1612,42,-2
1613,40,-1
1614,-32,13
1615,22,-19
1616,5,32
1617,-40,13
1618,20,16
1619,-46,9
1620,31,-13
1621,29,-18
1622,-44,11
1623,7,-23
1624,-23,-9
1625,-1,27
1626,-9,-31
1627,-4,27
1628,9,31
1629,-9,-32
1630,8,27
1631,-12,19
1632,-26,12
1633,-7,-35
1634,6,24
1635,-19,-19
1636,-11,-33
1637,-1,28
1638,-6,23
1639,-6,27
1640,-38,16
1641,7,33
1642,-42,8
1643,27,-20
1644,41,-4
1645,-44,13
1646,-3,-32
1647,-10,21
1648,24,-22
1649,-40,14
1650,-6,28
1651,-7,27
1652,32,-13
1653,39,-6
1654,-10,-31
1655,3,-27
1656,-22,14
1657,8,26
1658,19,18
1659,-5,-33
1660,-23,14
1661,8,-21
1662,-29,14
1663,-16,-27
1664,9,32
1665,-24,-9
1666,17,22
1667,-21,-17
1668,42,-4
1669,12,-15
1670,25,7
1671,-46,8
1672,25,-22
1673,16,-16
1674,34,-5
1675,34,6
1676,21,16
1677,9,33
1678,25,-23
1679,9,34
1680,-6,-35
1681,-6,20
1682,10,-17
1683,-10,-33
1684,13,21
1685,41,-2
1686,22,16
1687,-41,13
1688,38,5
1689,37,3
1690,8,30
1691,-2,28
1692,30,5
1693,14,23
1694,31,7
1695,37,1
1696,43,-2
1697,-46,7
1698,-40,15
1699,-37,6
1700,-22,-1
1701,-41,15
1702,41,-1
1703,30,-15
1704,-15,23
1705,-46,6
1706,39,5
1707,29,5
1708,-43,15
1709,-26,-1
1710,9,22
1711,-33,12
1712,-17,-21
1713,0,-34
1714,-12,-32
1715,-12,-33
1716,-24,-10
1717,-6,29
1718,6,-27
1719,31,-15
1720,10,34
1721,-33,13
1722,-9,-33
1723,38,3
1724,24,9
1725,-5,-35
1726,4,32
1727,6,-28
1728,38,6
1729,10,35
1730,23,-22
1731,-8,-35
1732,-47,9
1733,-29,6
1734,3,32
1735,-21,20
1736,30,7
1737,-5,-36
1738,11,35
1739,-47,10
1740,-31,13
1741,-1,-35
1742,18,-16
1743,39,6
1744,7,24
1745,-18,21
1746,26,-22
1747,1,-30
1748,8,-25
1749,-28,-2
1750,30,-16
1751,-6,30
1752,23,-23
1753,-9,-35
1754,3,33
1755,-19,21
1756,31,-12
1757,-16,21
1758,0,-32
1759,42,-5
1760,40,6
1761,-45,11
1762,-23,15
1763,41,-6
1764,15,24
1765,40,7
1766,43,-4
1767,7,34
1768,-45,13
1769,-16,22
1770,44,-4
1771,-48,10
1772,-40,7
1773,40,5
1774,-36,13
1775,45,-4
1776,38,7
1777,-40,16
1778,41,6
1779,30,-18
1780,12,35
1781,44,-5
1782,-27,4
1783,44,-3
1784,-10,-34
1785,34,7
1786,22,15
1787,35,7
1788,-8,-36
1789,-8,25
1790,-5,-37
1791,-28,-3
1792,38,-4
1793,-47,8
1794,-5,-38
1795,-20,15
1796,-20,18
1797,-4,-36
1798,6,33
1799,-32,4
1800,-30,14
1801,41,-7
1802,-41,8
1803,-47,6
1804,-16,-28
1805,45,-3
1806,-15,-28
1807,46,-4
1808,-44,15
1809,39,4
1810,-8,-37
1811,11,34
1812,-45,15
1813,2,-30
1814,1,-33
1815,-10,-35
1816,-43,16
1817,-45,14
1818,-22,-13
1819,32,-12
1820,-11,-34
1821,2,-33
1822,31,-16
1823,-27,3
1824,22,17
1825,22,18
1826,32,7
1827,44,-2
1828,-23,-8
1829,8,34
1830,-24,-8
1831,47,-4
1832,9,30
1833,47,-3
1834,33,-12
1835,-8,-38
1836,-13,-33
1837,-3,28
1838,29,-20
1839,-35,4
1840,37,2
1841,36,-6
1842,-36,5
1843,23,15
1844,30,8
1845,33,-11
1846,-9,-38
1847,-17,22
1848,-12,-30
1849,21,17
1850,47,-5
1851,-17,-22
1852,-33,14
1853,1,-28
1854,-47,5
1855,-43,8
1856,-28,1
1857,-25,-9
1858,2,33
1859,-11,-35
1860,40,-7
1861,-4,28
1862,11,36
1863,8,35
1864,-15,24
1865,18,-17
1866,-22,19
1867,-29,1
1868,-28,0
1869,11,37
1870,-38,17
1871,-24,-4
1872,-45,7
1873,29,8
1874,-34,13
1875,-49,10
1876,-39,17
1877,-23,-13
1878,-8,-39
1879,2,-32
1880,8,29
1881,2,31
1882,13,-15
1883,-6,31
1884,29,-21
1885,-14,-33
1886,-47,4
1887,-16,23
1888,-47,3
1889,9,27
1890,-4,-38
1891,8,36
1892,13,22
1893,-21,21
1894,-5,-39
1895,-35,3
1896,-25,13
1897,-7,29
1898,12,37
1899,-17,23
1900,44,-1
1901,10,-19
1902,29,-22
1903,-31,3
1904,-21,16
1905,-36,3
1906,12,38
1907,8,-24
1908,-3,-36
1909,-7,-37
1910,39,-7
1911,-43,17
1912,-49,9
1913,9,-23
1914,-16,-29
1915,15,25
1916,16,24
1917,-46,3
1918,-3,-37
1919,-8,-40
1920,9,-22
1921,35,-7
1922,48,-3
1923,-50,9
1924,36,-5
1925,29,-8
1926,-36,2
1927,1,-34
1928,41,0
1929,42,-1
1930,-11,-36
1931,-48,3
1932,1,31
1933,17,24
1934,25,-21
1935,-7,-40
1936,18,22
1937,42,0
1938,-33,15
1939,-45,16
1940,11,38
1941,-50,8
1942,-51,9
1943,-6,-40
1944,49,-3
1945,13,35
1946,-46,15
1947,-37,17
1948,42,1
1949,32,-14
1950,14,24
1951,42,-7
1952,-34,15
1953,23,11
1954,0,-35
1955,-12,20
1956,38,1
1957,-3,29
1958,2,34
1959,-21,-15
1960,2,35
1961,-48,6
1962,42,-6
1963,-11,-37
1964,-49,3
1965,-46,2
1966,45,-1
1967,45,-5
1968,-19,-20
1969,40,8
1970,-13,-34
1971,-22,-17
1972,-12,-37
1973,27,-22
1974,-50,7
1975,-46,16
1976,-22,21
1977,7,-26
1978,30,-17
1979,-51,10
1980,42,2
1981,-50,6
1982,6,-29
1983,-1,29
1984,42,3
1985,-46,1
1986,24,11
1987,3,-33
1988,-14,-24
1989,-46,13
1990,20,18
1991,43,3
1992,43,1
1993,-52,10
1994,41,-8
1995,-13,-30
1996,-4,-39
1997,0,-36
1998,3,34
1999,-7,-41
2000,-8,22
2001,-23,19
2002,-18,23
2003,-45,6
2004,-52,11
2005,-14,-30
2006,-3,-38
2007,41,3
2008,-43,18
2009,32,-15
2010,49,-2
2011,40,9
2012,12,39
2013,39,9
2014,13,36
2015,-17,-28
2016,41,9
2017,12,40
2018,50,-3
2019,1,-36
2020,44,-6
2021,11,-17
2022,41,5
2023,-46,0
2024,10,37
2025,13,37
2026,1,32
2027,-47,0
2028,-45,0
2029,-14,-31
2030,-19,23
2031,-52,9
2032,0,32
2033,-12,-36
2034,11,40
2035,4,-33
2036,-51,8
2037,-12,21
2038,7,-29
2039,0,-37
2040,13,39
2041,-17,24
2042,-39,18
2043,-48,5
2044,-5,29
2045,-53,9
2046,-8,23
2047,-47,13
2048,40,-8
2049,26,-23
2050,-50,10
2051,48,-4
2052,45,-6
2053,-2,-36
2054,-23,-17
2055,-53,8
2056,-50,3
2057,41,7
2058,-6,-41
2059,43,-6
2060,42,6
2061,-42,17
2062,-53,11
2063,47,-6
2064,-43,19
2065,48,-6
2066,16,25
2067,-48,2
2068,-22,-18
2069,35,-5
2070,1,-35
2071,50,-4
2072,-24,-13
2073,-3,-39
2074,-15,-33
2075,-42,19
2076,40,10
2077,38,8
2078,-53,12
2079,-23,18
2080,-53,7
2081,-25,-13
2082,-48,8
2083,-12,-38
2084,-54,7
2085,-2,-39
2086,-37,18
2087,-26,-13
2088,44,3
2089,-42,20
2090,43,6
2091,-54,11
2092,-7,-42
2093,-25,-10
2094,10,40
2095,3,-30
2096,-32,15
2097,11,-18
2098,41,10
2099,-18,-28
2100,9,37
2101,-9,-39
2102,-25,-11
2103,12,22
2104,20,19
2105,-51,3
2106,-35,2
2107,-28,13
2108,7,36
2109,-47,-1
2110,-41,14
2111,-47,12
2112,43,7
2113,-48,0
2114,-24,-17
2115,27,-23
2116,51,-4
2117,-10,-36
2118,-26,2
2119,-48,4
2120,-15,-26
2121,24,15
2122,-15,-31
2123,12,-17
2124,-2,-40
2125,-11,-38
2126,15,26
2127,-44,18
2128,44,0
2129,34,8
2130,-49,2
2131,30,-19
2132,10,31
2133,-2,-38
2134,33,8
2135,-28,-4
2136,35,8
2137,-47,14
2138,40,11
2139,12,23
2140,-18,-21
2141,-24,-18
2142,51,-3
2143,41,11
2144,28,8
2145,44,7
2146,-52,12
2147,-32,16
2148,16,26
2149,10,38
2150,37,-6
2151,-6,-42
2152,1,34
2153,-2,-41
2154,39,3
2155,26,-24
2156,-45,1
2157,-50,4
2158,-48,12
2159,42,11
2160,-54,12
2161,-22,-19
2162,-21,18
2163,-55,7
2164,23,-24
2165,31,-19
2166,6,36
2167,35,9
2168,-26,-10
2169,-42,21
2170,-25,-14
2171,-13,-36
2172,-13,-37
2173,38,9
2174,-41,19
2175,-7,31
2176,5,-33
2177,0,29
2178,-16,24
2179,32,-19
2180,-41,20
2181,-1,-40
2182,-40,20
2183,13,-16
2184,-50,11
2185,-18,-29
2186,-48,11
2187,14,37
2188,18,24
2189,44,8
2190,15,37
2191,-47,1
2192,-54,6
2193,25,-24
2194,23,18
2195,25,-25
2196,32,-20
2197,-8,29
2198,23,-25
2199,2,-36
2200,43,-7
2201,-21,-19
2202,-13,-35
2203,-4,-40
2204,31,-18
2205,-28,14
2206,22,-25
2207,-16,-21
2208,-18,-30
2209,3,35
2210,28,-21
2211,-45,-1
2212,-32,17
2213,40,12
2214,44,9
2215,21,-25
2216,-48,13
2217,29,-23
2218,20,-25
2219,50,-5
2220,45,9
2221,-23,-19
2222,32,8
2223,37,9
2224,-48,-1
2225,22,19
2226,43,9
2227,-44,19
2228,-55,12
2229,-34,3
2230,25,9
2231,44,1
2232,-25,-15
2233,45,7
2234,-55,13
2235,-17,25
2236,15,36
2237,-47,-2
2238,50,-6
2239,-37,3
2240,24,12
2241,-11,20
2242,42,12
2243,8,-26
2244,-15,25
2245,24,-24
2246,15,38
2247,0,-40
2248,-27,-10
2249,-7,-43
2250,52,-3
2251,-37,19
2252,-19,-21
2253,44,10
2254,29,-24
2255,-51,6
2256,-46,-2
2257,-19,-28
2258,-33,17
2259,16,27
2260,47,-7
2261,8,-27
2262,-24,19
2263,-51,2
2264,16,36
2265,2,-37
2266,44,11
2267,-49,0
2268,-54,10
2269,-19,-22
2270,-32,18
2271,44,-7
2272,38,-7
2273,16,37
2274,-29,-4
2275,22,20
2276,-24,-14
2277,-7,28
2278,-7,-44
2279,-17,26
2280,45,3
2281,-54,13
2282,-5,31
2283,36,9
2284,-49,5
2285,-20,-21
2286,26,-25
2287,4,33
2288,-43,21
2289,-16,-33
2290,-8,-44
2291,6,37
2292,41,4
2293,21,-26
2294,28,-24
2295,-51,5
2296,39,11
2297,0,34
2298,17,36
2299,-3,-41
2300,7,37
2301,14,26
2302,3,-37
2303,21,-16
2304,45,11
2305,49,-5
2306,-6,-43
2307,9,-25
2308,-51,1
2309,7,38
2310,-21,22
2311,39,-8
2312,-47,15
2313,-49,12
2314,-46,-3
2315,28,-25
2316,26,-26
2317,17,35
2318,-25,-18
2319,18,35
2320,-10,-39
2321,-36,19
2322,1,-40
2323,46,-7
2324,-8,30
2325,-56,12
2326,26,7
2327,-45,18
2328,-46,18
2329,-27,-9
2330,-57,12
2331,-56,7
2332,40,-9
2333,-14,-36
2334,-18,-22
2335,-28,-5
2336,12,41
2337,46,11
2338,-34,17
2339,-51,12
2340,11,41
2341,30,-23
2342,52,-4
2343,-54,5
2344,-8,31
2345,10,21
2346,-19,-27
2347,2,-35
2348,-9,-44
2349,17,27
2350,4,34
2351,-45,17
2352,51,-6
2353,17,37
2354,-47,16
2355,2,36
2356,-8,32
2357,-9,-45
2358,-22,-7
2359,18,34
2360,5,-34
2361,47,-8
2362,-46,19
2363,22,21
2364,46,-8
2365,-56,6
2366,-48,15
2367,35,10
2368,-46,-4
2369,-3,-42
2370,-54,8
2371,27,-25
2372,22,-26
2373,-51,7
2374,30,-22
2375,40,13
2376,51,-7
2377,13,40
2378,-37,20
2379,43,12
2380,38,-8
2381,-13,-32
2382,-23,17
2383,-9,-43
2384,15,27
2385,14,27
2386,-54,14
2387,-17,-30
2388,-1,-39
2389,-9,-46
2390,-55,8
2391,46,10
2392,-52,3
2393,-9,32
2394,-51,13
2395,-57,11
2396,0,33
2397,-9,-47
2398,23,21
2399,39,13
2400,10,39
2401,-5,32
2402,43,4
2403,19,34
2404,21,-19
2405,-5,-42
2406,-10,-45
2407,32,9
2408,33,-20
2409,-50,0
2410,-28,-6
2411,34,-11
2412,-44,20
2413,28,-26
2414,5,36
2415,-27,-11
2416,45,4
2417,32,-21
2418,15,39
2419,-18,25
2420,-9,-42
2421,22,-23
2422,23,-26
2423,38,-9
2424,50,-7
2425,46,-9
2426,-20,23
2427,-19,-23
2428,-46,-5
2429,-28,-9
2430,-45,5
2431,24,21
2432,4,-37
2433,18,33
2434,-47,-5
2435,12,42
2436,-12,-39
2437,18,27
2438,13,41
2439,-15,26
2440,2,-38
2441,19,27
2442,-49,-1
2443,-43,22
2444,24,16
2445,38,13
2446,7,-30
2447,29,-25
2448,50,-8
2449,18,36
2450,40,14
2451,-45,20
2452,-14,25
2453,0,31
2454,-16,-31
2455,-11,-45
2456,46,-10
2457,-18,-31
2458,12,43
2459,46,7
2460,-30,-4
2461,-53,3
2462,-22,22
2463,-17,-23
2464,50,-2
2465,-55,14
2466,19,36
2467,-44,0
2468,-9,-41
2469,4,-36
2470,11,43
2471,-57,6
2472,-29,-5
2473,42,5
2474,8,-29
2475,-48,-5
2476,14,40
2477,41,14
2478,-48,-6
2479,3,-38
2480,-50,13
2481,20,36
2482,-46,-6
2483,40,15
2484,-49,-6
2485,46,12
2486,5,-35
2487,8,-30
2488,-18,-32
2489,-49,-7
2490,33,-7
2491,-32,19
2492,47,12
2493,-4,-42
2494,52,-2
2495,39,14
2496,-3,-43
2497,-14,-37
2498,48,12
2499,15,40
2500,-47,19
2501,31,-23
2502,-52,1
2503,5,-37
2504,-2,-43
2505,-54,3
2506,46,3
2507,39,15
2508,21,20
2509,-48,19
2510,-52,13
2511,-9,-48
2512,42,-8
2513,23,20
2514,-45,-6
2515,-16,-34
2516,8,37
2517,-10,-48
2518,36,10
2519,33,-14
2520,-27,13
2521,-31,-4
2522,46,13
2523,-20,-28
2524,-35,19
2525,34,-14
2526,-50,-6
2527,-53,2
2528,3,-31
2529,-27,-8
2530,-48,-4
2531,27,-26
2532,41,-9
2533,-9,29
2534,9,-27
2535,6,-34
2536,10,43
2537,-19,-24
2538,45,1
2539,35,11
2540,7,-28
2541,-42,22
2542,31,-17
2543,16,39
2544,-49,-4
2545,-52,14
2546,16,40
2547,-58,12
2548,15,41
2549,-54,15
2550,-2,-44
2551,-16,-32
2552,-47,20
2553,-19,-32
2554,-16,-23
2555,23,22
2556,19,33
2557,45,-10
2558,-34,18
2559,44,12
2560,-15,-37
2561,16,41
2562,-18,-33
2563,-44,-6
2564,46,-1
2565,20,37
2566,-48,20
2567,-16,26
2568,18,28
2569,7,-34
2570,31,-24
2571,31,-25
2572,-8,27
2573,-43,23
2574,2,-39
2575,46,8
2576,53,-4
2577,15,42
2578,-12,22
2579,-48,-2
2580,-32,20
2581,46,14
2582,47,-10
2583,-15,-36
2584,53,-3
2585,-46,20
2586,40,16
2587,30,-20
2588,1,-41
2589,-40,19
2590,54,-4
2591,-57,10
2592,50,-1
2593,-16,-35
2594,52,-5
2595,-44,-7
2596,52,-7
2597,2,-40
2598,-48,16
2599,-17,-34
2600,-1,-44
2601,42,13
2602,5,33
2603,-22,-16
2604,-1,-45
2605,-44,21
2606,43,2
2607,-8,33
2608,40,-10
2609,-8,-47
2610,40,-11
2611,1,-42
2612,41,-11
2613,-20,-24
2614,46,6
2615,-57,5
2616,-31,16
2617,-45,-7
2618,-15,-38
2619,-38,20
2620,-44,22
2621,38,-10
2622,-23,22
2623,-44,-5
2624,-32,21
2625,-14,24
2626,45,13
2627,-22,16
2628,29,-26
2629,2,-42
2630,-45,-8
2631,1,-43
2632,-46,-8
2633,51,-1
2634,47,13
2635,4,36
2636,21,36
2637,-51,4
2638,-45,21
2639,-56,13
2640,47,10
2641,25,21
2642,-59,12
2643,-58,5
2644,43,13
2645,9,40
2646,-26,-15
2647,-1,-46
2648,48,10
2649,31,9
2650,-16,-38
2651,-47,21
2652,-44,23
2653,43,14
2654,0,-46
2655,-1,-47
2656,-46,21
2657,-47,-8
2658,-21,-21
2659,-5,33
2660,37,-10
2661,9,-29
2662,-59,13
2663,-2,-47
2664,51,-8
2665,11,44
2666,44,6
2667,48,-7
2668,-36,20
2669,-7,33
2670,-42,23
2671,-43,24
2672,-42,24
2673,-55,3
2674,-45,23
2675,41,-12
2676,39,16
2677,-2,-46
2678,-19,25
2679,10,42
2680,-8,34
2681,13,43
2682,45,-2
2683,-9,27
2684,-7,-47
2685,-21,23
2686,40,-12
2687,46,15
2688,-59,5
2689,21,-17
2690,-31,20
2691,44,-10
2692,-59,6
2693,0,-47
2694,6,-30
2695,-26,-18
2696,42,-12
2697,-30,16
2698,48,-8
2699,-46,23
2700,-17,27
2701,-46,-7
2702,39,-12
2703,-60,6
2704,47,6
2705,-27,-18
2706,-8,35
2707,43,-10
2708,15,43
2709,-56,10
2710,17,25
2711,47,14
2712,54,-3
2713,7,39
2714,38,-11
2715,22,-22
2716,49,10
2717,17,40
2718,54,-2
2719,-33,21
2720,47,15
2721,48,15
2722,47,5
2723,-41,24
2724,-5,-43
2725,-31,-5
2726,1,-46
2727,19,-25
2728,-11,-46
2729,47,-9
2730,-47,-6
2731,32,-22
2732,11,45
2733,-50,-7
2734,2,-46
2735,47,7
2736,31,-26
2737,-29,-2
2738,-29,-6
2739,18,40
2740,50,10
2741,0,-48
2742,1,-48
2743,-58,6
2744,-25,1
2745,2,-45
2746,-54,2
2747,-18,-27
2748,-9,31
2749,47,9
2750,-41,21
2751,-11,-39
2752,21,37
2753,25,-26
2754,-15,-39
2755,-48,18
2756,-43,-6
2757,-19,-29
2758,-48,-7
2759,-56,3
2760,-42,25
2761,51,-9
2762,13,44
2763,55,-2
2764,20,-24
2765,-58,7
2766,14,42
2767,-27,-12
2768,-17,-38
2769,34,-15
2770,-30,-6
2771,-57,3
2772,3,-42
2773,49,9
2774,-59,14
2775,-46,-9
2776,-56,11
2777,49,11
2778,52,-1
2779,19,26
2780,39,17
2781,5,37
2782,-9,-49
2783,-10,29
2784,-45,24
2785,-55,10
2786,-50,-8
2787,11,46
2788,-52,0
2789,-52,15
2790,-32,-4
2791,-50,-1
2792,29,-27
2793,20,27
2794,25,20
2795,18,32
2796,-46,24
2797,-7,-45
2798,48,14
2799,-49,-8
2800,30,-26
2801,52,-9
2802,16,42
2803,48,-10
2804,-20,-22
2805,49,-1
2806,6,39
2807,53,-7
2808,51,10
2809,-32,-5
2810,-16,-24
2811,-59,15
2812,-60,13
2813,-42,26
2814,13,45
2815,-6,-44
2816,-60,7
2817,2,37
2818,10,-29
2819,10,-27
2820,-38,19
2821,32,-26
2822,8,-31
2823,14,36
2824,23,23
2825,21,-27
2826,35,-15
2827,-20,-32
2828,-42,-6
2829,-30,4
2830,19,28
2831,-2,-48
2832,51,9
2833,-33,22
2834,54,-5
2835,-7,-46
2836,3,-40
2837,-60,12
2838,6,-35
2839,-58,13
2840,53,-2
2841,-5,34
2842,-21,-28
2843,-38,3
2844,-23,23
2845,48,16
2846,-27,-19
2847,-15,-40
2848,48,-11
2849,-4,31
2850,55,-1
2851,25,19
2852,17,42
2853,-58,10
2854,54,-7
2855,21,35
2856,-49,20
2857,40,17
2858,32,-24
2859,9,39
2860,-11,-47
2861,14,43
2862,-47,-9
2863,50,-9
2864,-49,-2
2865,-43,26
2866,-46,25
2867,12,45
2868,-18,-38
2869,34,-13
2870,33,-26
2871,-59,16
2872,-57,2
2873,-60,11
2874,51,8
2875,-43,27
2876,4,-42
2877,30,-27
2878,54,-8
2879,49,-6
2880,32,-27
2881,-49,21
2882,-10,30
2883,-6,-46
2884,1,-44
2885,49,12
2886,29,9
2887,45,15
2888,-41,26
2889,22,-27
2890,41,-13
2891,-3,-47
2892,32,-23
2893,-18,-34
2894,33,-19
2895,-30,3
2896,-16,27
2897,26,20
2898,10,46
2899,49,14
2900,11,-27
2901,-58,15
2902,19,32
2903,2,-47
2904,-3,-46
2905,-45,-4
2906,19,40
2907,-41,25
2908,48,-12
2909,18,31
2910,40,18
2911,10,-25
2912,-60,14
2913,55,-5
2914,-12,-47
2915,43,15
2916,-13,25
2917,19,41
2918,5,-42
2919,24,14
2920,24,23
2921,-17,-37
2922,-16,-39
2923,-25,-16
2924,-50,-9
2925,45,14
2926,41,15
2927,11,47
2928,8,38
2929,-10,-44
2930,51,-10
2931,14,45
2932,-49,-9
2933,1,-49
2934,-34,22
2935,38,16
2936,-12,-46
2937,3,-39
2938,55,-6
2939,-20,24
2940,34,-20
2941,9,41
2942,-61,14
2943,-4,30
2944,-4,-46
2945,29,-28
2946,1,-50
2947,2,-49
2948,-20,-31
2949,6,-36
2950,-24,-19
2951,-49,22
2952,-46,-10
2953,-58,16
2954,33,-25
2955,41,17
2956,-7,35
2957,-22,-28
2958,-52,16
2959,-61,15
2960,18,30
2961,-35,20
2962,-15,-41
2963,25,10
2964,44,13
2965,-9,22
2966,-26,-17
2967,32,10
2968,26,19
2969,-22,-21
2970,30,-28
2971,42,17
2972,9,-28
2973,46,-11
2974,34,-25
2975,34,-24
2976,-12,-45
2977,-22,-3
2978,36,-15
2979,-33,23
2980,-47,25
2981,11,-29
2982,50,-10
2983,9,-30
2984,55,-8
2985,-23,-21
2986,47,-12
2987,14,44
2988,-19,26
2989,-21,-29
2990,34,-21
2991,56,-6
2992,43,-12
2993,-26,-19
2994,32,-18
2995,-11,-48
2996,-44,26
2997,1,37
2998,19,19
2999,57,-6
3000,49,15
3001,14,-16
3002,-3,-48
3003,15,44
3004,55,-4
3005,12,-29
3006,-50,-5
3007,9,42
3008,-58,3
3009,-61,12
3010,-45,-9
3011,-12,-48
3012,-48,-9
3013,46,16
3014,-40,24
3015,-11,-49
3016,-21,-27
3017,-62,14
3018,4,-40
3019,-9,34
3020,16,43
3021,-36,21
3022,8,40
3023,-10,-40
3024,-33,20
3025,24,17
3026,-58,8
3027,3,-45
3028,20,41
3029,-8,36
3030,18,-25
3031,18,39
3032,-62,12
3033,19,37
3034,-6,33
3035,-13,-47
3036,54,-1
3037,-24,20
3038,-54,1
3039,-24,14
3040,-33,24
3041,52,0
3042,-2,-49
3043,5,-38
3044,-23,24
3045,5,39
3046,-60,5
3047,-10,22
3048,18,-26
3049,20,-27
3050,-8,-49
3051,-14,-39
3052,55,-9
3053,-49,-10
3054,19,39
3055,18,-18
3056,48,17
3057,1,-51
3058,-14,-47
3059,2,-50
3060,58,-6
3061,-55,2
3062,8,42
3063,-48,22
3064,-13,-48
3065,-19,-34
3066,-14,22
3067,43,17
3068,-7,-48
3069,52,1
3070,46,17
3071,-9,-50
3072,-10,32
3073,17,43
3074,-59,8
3075,-46,26
3076,-28,-10
3077,-47,-10
3078,19,42
3079,35,-16
3080,-52,-1
3081,31,-28
3082,19,38
3083,59,-6
3084,-61,7
3085,5,40
3086,2,-44
3087,44,-11
3088,-28,15
3089,-21,-24
3090,-48,-10
3091,35,-25
3092,41,-14
3093,-22,24
3094,-61,11
3095,-50,21
3096,17,44
3097,-60,8
3098,-55,1
3099,18,41
3100,-48,23
3101,-47,23
3102,38,-12
3103,-6,-48
3104,18,43
3105,53,-9
3106,51,-11
3107,59,-5
3108,38,11
3109,-9,36
3110,-2,-50
3111,-62,15
3112,-63,14
3113,56,-1
3114,-53,16
3115,56,-2
3116,-53,0
3117,-36,1
3118,18,44
3119,21,21
3120,55,-7
3121,-40,26
3122,-44,-8
3123,-6,34
3124,-46,-11
3125,-24,22
3126,-59,4
3127,5,-41
3128,-63,15
3129,20,28
3130,-21,24
3131,21,38
3132,-53,17
3133,21,41
3134,-61,6
3135,51,1
3136,56,-9
3137,35,12
3138,40,-13
3139,9,46
3140,-56,1
3141,4,39
3142,33,-23
3143,57,-2
3144,4,-43
3145,56,0
3146,49,-11
3147,-23,25
3148,9,43
3149,12,-27
3150,57,-1
3151,-16,-41
3152,57,-5
3153,52,2
3154,22,38
3155,-45,-2
3156,44,14
3157,53,1
3158,35,-21
3159,-19,-33
3160,8,43
3161,-50,20
3162,12,47
3163,-58,17
3164,-26,-20
3165,-19,-35
3166,0,35
3167,-63,12
3168,55,0
3169,-1,35
3170,53,-1
3171,-33,-4
3172,-51,-9
3173,7,-35
3174,57,-3
3175,50,15
3176,25,16
3177,-43,28
3178,8,44
3179,-43,29
3180,-32,24
3181,43,-13
3182,18,45
3183,5,38
3184,58,-1
3185,-50,22
3186,-49,-11
3187,-64,15
3188,8,46
3189,-27,15
3190,-50,23
3191,49,17
3192,-65,15
3193,-22,20
3194,-44,28
3195,-3,-49
3196,-65,16
3197,4,-44
3198,33,9
3199,52,9
3200,-20,-35
3201,32,-16
3202,23,-27
3203,-11,32
3204,-17,-36
3205,-66,16
3206,56,-7
3207,-47,-11
3208,17,-25
3209,-9,-51
3210,48,18
3211,-62,6
3212,-30,20
3213,-10,-51
3214,-42,-7
3215,-4,-48
3216,50,17
3217,-60,9
3218,0,-50
3219,9,47
3220,26,21
3221,58,-7
3222,4,37
3223,20,32
3224,-21,-35
3225,-20,26
3226,-13,26
3227,-27,-20
3228,34,-26
3229,-45,25
3230,-8,-51
3231,-43,30
3232,-54,0
3233,21,34
3234,-17,-41
3235,-10,34
3236,-19,-38
3237,50,0
3238,-47,-12
3239,-10,31
3240,-51,-5
3241,47,18
3242,59,-4
3243,51,15
3244,12,-28
3245,-62,5
3246,-64,14
3247,56,-8
3248,-11,29
3249,52,-10
3250,-35,21
3251,10,-30
3252,-60,16
3253,21,-28
3254,57,-9
3255,-20,-34
3256,48,6
3257,-41,23
3258,55,1
3259,-14,-41
3260,0,-51
3261,-39,19
3262,-40,21
3263,-8,28
3264,-15,-47
3265,-36,22
3266,21,-29
3267,7,44
3268,-44,29
3269,-24,-20
3270,53,9
3271,6,-41
3272,35,-26
3273,-33,25
3274,-51,22
3275,43,18
3276,-53,18
3277,38,-13
3278,-66,17
3279,3,39
3280,60,-5
3281,36,-21
3282,50,18
3283,-11,-51
3284,-14,-46
3285,21,40
3286,19,31
3287,-43,-5
3288,52,8
3289,52,10
3290,-58,18
3291,48,19
3292,35,-17
3293,-13,-45
3294,25,14
3295,29,-29
3296,-64,13
3297,13,-29
3298,-48,24
3299,52,15
3300,51,16
3301,-67,17
3302,-34,25
3303,-13,-41
3304,1,38
3305,49,-12
3306,-52,22
3307,-50,-2
3308,-18,-39
3309,48,-2
3310,48,20
3311,-52,-2
3312,-1,-50
3313,-5,35
3314,-2,-51
3315,-45,-10
3316,37,-21
3317,-62,4
3318,1,39
3319,49,-13
3320,-27,-15
3321,42,-14
3322,-31,24
3323,-67,18
3324,-8,-52
3325,2,39
3326,50,14
3327,16,44
3328,-63,6
3329,-42,28
3330,53,-10
3331,-8,-53
3332,3,-50
3333,38,-21
3334,26,-27
3335,38,17
3336,16,-25
3337,12,-30
3338,37,-20
3339,29,-30
3340,-32,-6
3341,8,-34
3342,-14,-45
3343,-46,27
3344,-68,17
3345,-45,28
3346,3,-51
3347,45,0
3348,35,-27
3349,50,12
3350,-43,31
3351,-48,14
3352,-33,26
3353,22,36
3354,-8,-54
3355,35,-20
3356,19,44
3357,-16,-47
3358,-51,-10
3359,19,29
3360,-36,23
3361,-44,31
3362,-65,17
3363,20,44
3364,40,-14
3365,-61,16
3366,-52,-3
3367,50,8
3368,23,-28
3369,-13,-49
3370,12,-31
3371,58,0
3372,58,-2
3373,-61,10
3374,-21,-22
3375,-59,18
3376,-12,-41
3377,-7,-54
3378,26,22
3379,-64,17
3380,-34,24
3381,59,-1
3382,37,-22
3383,1,36
3384,44,-12
3385,-52,-5
3386,-18,-40
3387,3,-47
3388,-50,-11
3389,-7,36
3390,-27,-16
3391,-41,-6
3392,42,15
3393,53,0
3394,-45,31
3395,52,7
3396,49,19
3397,-20,27
3398,-15,-45
3399,-9,37
3400,-67,16
3401,51,7
3402,60,-1
3403,38,-22
3404,13,47
3405,-9,-52
3406,61,-1
3407,36,-26
3408,-61,17
3409,16,45
3410,59,-7
3411,-68,16
3412,-18,-41
3413,58,1
3414,60,-7
3415,-59,3
3416,-69,17
3417,29,-31
3418,-25,-4
3419,-51,-6
3420,-7,37
3421,-46,31
3422,-66,18
3423,22,-29
3424,-48,-12
3425,13,-30
3426,-63,7
3427,18,25
3428,59,1
3429,-51,16
3430,-16,-48
3431,-9,35
3432,3,-49
3433,37,-26
3434,0,36
3435,-62,3
3436,0,-52
3437,55,2
3438,11,48
3439,-11,31
3440,45,16
3441,-19,-40
3442,56,-4
3443,-16,-49
3444,-46,-12
3445,-51,-8
3446,32,-28
3447,-43,-8
3448,-48,25
3449,59,-8
3450,58,2
3451,-12,32
3452,-16,-46
3453,-64,6
3454,52,11
3455,-63,5
3456,-25,19
3457,59,2
3458,-46,-13
3459,-68,18
3460,58,3
3461,-20,-40
3462,-64,18
3463,28,-28
3464,-31,23
3465,59,3
3466,-61,4
3467,-9,-53
3468,16,46
3469,-52,23
3470,-10,27
3471,-7,-53
3472,-64,16
3473,59,-9
3474,51,18
3475,-58,2
3476,21,42
3477,-8,-55
3478,-68,15
3479,34,-22
3480,-11,-50
3481,59,-2
3482,-62,10
3483,-17,-48
3484,-30,21
3485,-52,18
3486,28,-31
3487,-64,19
3488,-43,32
3489,-20,-39
3490,-24,21
3491,19,45
3492,23,38
3493,-50,24
3494,18,46
3495,50,13
3496,22,42
3497,6,-42
3498,60,0
3499,-45,-3
3500,54,1
3501,52,6
3502,34,-19
3503,57,1
3504,-45,30
3505,11,49
3506,-63,18
3507,60,-4
3508,38,18
3509,18,23
3510,-14,-49
3511,-12,-50
3512,-67,19
3513,-1,-52
3514,12,49
3515,33,-28
3516,-48,26
3517,-63,8
3518,-62,18
3519,-65,18
3520,16,47
3521,9,45
3522,14,47
3523,-7,-51
3524,53,6
3525,-4,-49
3526,-32,25
3527,-52,-9
3528,-51,24
3529,35,-18
3530,7,-41
3531,-24,-21
3532,47,19
3533,37,16
3534,-59,19
3535,-31,22
3536,60,2
3537,-70,17
3538,16,48
3539,21,39
3540,-21,-26
3541,61,-7
3542,62,-1
3543,-51,-2
3544,53,15
3545,61,0
3546,-68,14
3547,60,-9
3548,-10,37
3549,-67,20
3550,22,41
3551,-28,-19
3552,-48,-13
3553,52,18
3554,61,-9
3555,-70,18
3556,19,46
3557,-53,-2
3558,-50,-4
3559,62,0
3560,7,40
3561,6,40
3562,33,-29
3563,-62,2
3564,-6,-54
3565,-51,17
3566,24,-28
3567,-49,25
3568,-47,31
3569,6,44
3570,13,48
3571,52,17
3572,-6,36
3573,-21,-31
3574,3,-52
3575,-55,0
3576,-48,27
3577,-22,-35
3578,59,-3
3579,6,-43
3580,5,-44
3581,24,-29
3582,-59,2
3583,61,-5
3584,-11,37
3585,-63,19
3586,-63,2
3587,2,-52
3588,-25,20
3589,28,-32
3590,-68,13
3591,35,-24
3592,-20,-38
3593,26,23
3594,24,38
3595,23,24
3596,53,-11
3597,11,50
3598,-24,25
3599,-47,30
3600,61,-2
3601,52,14
3602,-16,-42
3603,-26,-21
3604,22,40
3605,4,-52
3606,0,-53
3607,61,-6
3608,-14,26
3609,-19,-41
3610,-49,27
3611,-17,-47
3612,7,43
3613,49,20
3614,-53,19
3615,-23,-28
3616,-71,18
3617,9,48
3618,-5,36
3619,21,33
3620,63,-1
3621,5,-52
3622,39,-21
3623,58,-8
3624,-43,33
3625,37,-27
3626,-10,-42
3627,-47,32
3628,50,-12
3629,7,-42
3630,-25,21
3631,-5,-54
3632,21,28
3633,-54,16
3634,-52,24
3635,18,47
3636,53,11
3637,0,38
3638,22,13
3639,-8,-56
3640,52,19
3641,-69,13
3642,48,-1
3643,-45,32
3644,-15,-44
3645,17,48
3646,-7,-55
3647,-24,26
3648,1,-53
3649,7,-40
3650,-22,-22
3651,21,43
3652,62,-7
3653,-59,20
3654,53,19
3655,38,-27
3656,62,1
3657,-21,-25
3658,52,20
3659,-51,-11
3660,43,-14
3661,-29,-19
3662,24,-27
3663,-18,-42
3664,-32,-7
3665,-16,-50
3666,-42,31
3667,-24,-28
3668,-69,15
3669,22,-30
3670,35,-22
3671,-62,1
3672,-12,33
3673,13,49
3674,-52,25
3675,49,-14
3676,2,-53
3677,38,15
3678,-13,32
3679,-17,-50
3680,-41,31
3681,20,-29
3682,4,-53
3683,-21,-39
3684,10,47
3685,-5,37
3686,12,-32
3687,1,40
3688,-52,-4
3689,-17,-51
3690,-60,4
3691,-70,16
3692,-2,35
3693,19,47
3694,-68,12
3695,47,-13
3696,-29,-10
3697,-52,-8
3698,32,-29
3699,-41,30
3700,-63,3
3701,-18,26
3702,47,-14
3703,-54,-1
3704,-7,-49
3705,-12,29
3706,4,-47
3707,53,20
3708,-19,-31
3709,29,-13
3710,-65,14
3711,20,47
3712,50,-14
3713,-58,20
3714,-53,-8
3715,-28,-18
3716,30,-30
3717,4,-48
3718,-11,-52
3719,34,-29
3720,37,-15
3721,4,-45
3722,-2,-52
3723,38,-28
3724,-64,3
3725,-9,-55
3726,57,-10
3727,-64,4
3728,27,21
3729,46,-14
3730,60,-10
3731,8,47
3732,2,-54
3733,23,25
3734,60,-11
3735,7,42
3736,63,-2
3737,-22,-36
3738,-53,22
3739,-71,16
3740,50,-13
3741,45,-12
3742,39,-28
3743,34,-30
3744,-29,-11
3745,62,-6
3746,-60,18
3747,-67,21
3748,-7,38
3749,-33,27
3750,64,-1
3751,-23,-27
3752,-55,-1
3753,54,-9
3754,29,10
3755,-11,38
3756,-44,-3
3757,-63,9
3758,46,-13
3759,60,-3
3760,-21,-38
3761,-5,38
3762,51,20
3763,-28,-16
3764,60,-12
3765,54,20
3766,-2,-53
3767,24,-30
3768,-65,3
3769,-49,-13
3770,45,-13
3771,16,49
3772,6,45
3773,61,-8
3774,21,47
3775,-59,1
3776,-51,-12
3777,-10,35
3778,53,17
3779,-18,-48
3780,-70,19
3781,-67,12
3782,-69,12
3783,5,-53
3784,-67,22
3785,-64,9
3786,-71,15
3787,-25,-28
3788,21,46
3789,-22,-37
3790,20,29
3791,48,21
3792,54,9
3793,-53,20
3794,54,19
3795,3,-54
3796,56,-10
3797,11,51
3798,40,-28
3799,-18,-51
3800,-40,31
3801,-51,20
3802,-13,-50
3803,45,17
3804,22,24
3805,-43,34
3806,25,-30
3807,2,-55
3808,34,-23
3809,42,-15
3810,37,-19
3811,53,21
3812,41,-28
3813,-53,25
3814,-66,22
3815,-54,20
3816,55,20
3817,-64,10
3818,13,46
3819,-64,7
3820,-14,-48
3821,6,-37
3822,-5,-53
3823,-72,18
3824,63,-3
3825,-4,-54
3826,-51,-7
3827,61,-10
3828,-65,4
3829,-58,21
3830,38,-19
3831,29,-32
3832,7,-37
3833,62,2
3834,14,49
3835,-49,-14
3836,-17,-52
3837,-50,-14
3838,-16,-43
3839,-72,17
3840,25,38
3841,6,-44
3842,-41,32
3843,50,19
3844,-23,-37
3845,-62,0
3846,34,11
3847,-62,19
3848,60,3
3849,-23,-36
3850,-63,20
3851,12,51
3852,-46,28
3853,-13,-51
3854,-70,12
3855,-25,25
3856,12,52
3857,13,51
3858,55,21
3859,-12,37
3860,59,-11
3861,6,43
3862,-4,-50
3863,-70,15
3864,-68,11
3865,24,37
3866,-16,-44
3867,-62,-1
3868,18,48
3869,44,-14
3870,43,-15
3871,-23,-22
3872,6,-53
3873,39,-29
3874,22,47
3875,56,21
3876,52,21
3877,-16,-52
3878,53,22
3879,-52,-10
3880,-65,22
3881,-8,-57
3882,-65,9
3883,-34,27
3884,-6,-55
3885,-22,-39
3886,1,41
3887,1,-54
3888,24,24
3889,-70,20
3890,10,51
3891,-25,-20
3892,28,10
3893,-61,0
3894,-43,35
3895,41,-29
3896,-27,-21
3897,-67,11
3898,-19,-48
3899,23,47
3900,65,-1
3901,-5,-52
3902,-63,0
3903,-17,-43
3904,-10,36
3905,51,-13
3906,28,-33
3907,64,0
3908,-51,-13
3909,58,-11
3910,25,13
3911,7,-38
3912,6,-45
3913,-52,-11
3914,54,11
3915,54,18
3916,-23,26
3917,15,49
3918,-43,36
3919,27,23
3920,-64,22
3921,61,-12
3922,20,45
3923,8,-42
3924,27,-28
3925,-48,-14
3926,26,38
3927,-44,-10
3928,-53,-5
3929,7,-43
3930,12,53
3931,40,-27
3932,-52,-13
3933,-54,22
3934,-47,33
3935,66,-1
3936,60,4
3937,47,-15
3938,-57,17
3939,-7,39
3940,-11,-53
3941,-24,27
3942,34,-31
3943,-48,-15
3944,58,4
3945,4,-46
3946,-50,-15
3947,0,-54
3948,-5,-55
3949,54,17
3950,46,-15
3951,-54,25
3952,5,-54
3953,55,11
3954,-59,21
3955,27,38
3956,-21,-40
3957,58,-12
3958,1,42
3959,23,48
3960,64,1
3961,-66,4
3962,-45,-13
3963,-55,25
3964,51,11
3965,-15,27
3966,-24,-37
3967,24,47
3968,24,25
3969,40,-21
3970,-22,-24
3971,-53,26
3972,25,47
3973,53,23
3974,-55,-2
3975,5,-47
3976,61,-11
3977,-64,23
3978,5,43
3979,66,-2
3980,-43,37
3981,63,2
3982,7,45
3983,-68,20
3984,4,-51
3985,47,21
3986,-44,34
3987,48,22
3988,51,-14
3989,-28,-20
3990,-24,-27
3991,23,41
3992,53,7
3993,-39,24
3994,-52,-14
3995,53,24
3996,1,-55
3997,-70,21
3998,31,-30
3999,51,-12
4000,-33,-5
4001,22,43
4002,-69,20
4003,-70,11
4004,-65,2
4005,15,-25
4006,56,20
4007,27,39
4008,-20,-48
4009,54,22
4010,-13,33
4011,-26,-22
4012,5,-46
4013,-72,16
4014,38,-18
4015,-1,-54
4016,-24,-29
4017,-23,-39
4018,-4,36
4019,48,-13
4020,6,46
4021,6,47
4022,-12,-53
4023,-71,11
4024,57,20
4025,-71,10
4026,-19,-47
4027,42,-28
4028,55,18
4029,-52,-15
4030,-66,23
4031,-3,-54
4032,16,50
4033,0,39
4034,13,53
4035,54,7
4036,-70,22
4037,-63,23
4038,60,5
4039,43,19
4040,67,-2
4041,-71,21
4042,-56,17
4043,43,-28
4044,-16,-53
4045,-35,23
4046,2,-56
4047,-53,-11
4048,35,-23
4049,-10,-55
4050,-19,-51
4051,5,-55
4052,68,-2
4053,-18,-52
4054,62,-12
4055,60,-13
4056,68,-3
4057,54,24
4058,63,3
4059,62,-13
4060,33,-30
4061,-13,22
4062,41,-30
4063,-46,32
4064,-66,2
4065,21,-30
4066,-68,22
4067,51,13
4068,27,-29
4069,-64,2
4070,63,-12
4071,54,25
4072,-3,-55
4073,17,49
4074,57,21
4075,60,-14
4076,44,-28
4077,-52,-12
4078,-54,24
4079,5,-56
4080,-45,-14
4081,-8,-58
4082,56,18
4083,-69,11
4084,13,54
4085,-47,-13
4086,-8,-59
4087,57,-11
4088,61,-3
4089,-44,37
4090,12,50
4091,-15,-48
4092,62,3
4093,35,-28
4094,6,-52
4095,-52,-6
4096,-7,-59
4097,49,21
4098,46,18
4099,58,21
4100,-53,-14
4101,-42,33
4102,-71,14
4103,8,-38
4104,26,-29
4105,7,-45
4106,62,-14
4107,-73,18
4108,36,-28
4109,37,-28
4110,-54,-11
4111,48,23
4112,-69,10
4113,64,-12
4114,65,-12
4115,63,-4
4116,-10,-56
4117,-22,25
4118,4,-56
4119,-21,-34
4120,66,-12
4121,23,46
4122,-68,23
4123,69,-3
4124,-64,0
4125,-47,26
4126,-23,-40
4127,-71,19
4128,63,-11
4129,3,-55
4130,-55,26
4131,37,-25
4132,9,51
4133,69,-4
4134,12,-33
4135,-67,2
4136,30,-31
4137,-1,-55
4138,-24,-39
4139,9,49
4140,7,46
4141,-66,19
4142,-8,38
4143,-47,34
4144,-14,-51
4145,7,-52
4146,53,-12
4147,-7,-60
4148,-72,11
4149,-72,14
4150,9,52
4151,28,21
4152,6,-40
4153,68,-1
4154,23,49
4155,-70,23
4156,68,0
4157,-43,38
4158,-68,2
4159,-73,19
4160,-17,-53
4161,-17,-49
4162,-56,-2
4163,-45,33
4164,-12,36
4165,14,53
4166,5,47
4167,67,0
4168,-63,22
4169,-65,5
4170,15,50
4171,62,4
4172,50,-15
4173,-68,1
4174,28,38
4175,-52,-16
4176,-20,28
4177,41,-31
4178,35,-31
4179,-48,-16
4180,56,17
4181,-28,-21
4182,43,20
4183,64,-11
4184,38,19
4185,-53,-10
4186,66,-13
4187,61,3
4188,8,49
4189,-21,-48
4190,8,51
4191,29,-33
4192,-68,0
4193,-64,-1
4194,-69,23
4195,-48,30
4196,-39,31
4197,61,-13
4198,37,19
4199,9,53
4200,24,18
4201,8,50
4202,42,-30
4203,-25,27
4204,-42,37
4205,57,17
4206,-36,24
4207,-6,-60
4208,13,55
4209,10,52
4210,28,-34
4211,-21,-33
4212,-46,34
4213,-8,39
4214,66,0
4215,12,54
4216,68,1
4217,55,25
4218,11,53
4219,62,-15
4220,-73,16
4221,-71,22
4222,-47,-15
4223,-33,-7
4224,-65,6
4225,-30,-19
4226,61,-15
4227,56,22
4228,-50,27
4229,66,-11
4230,-43,-9
4231,-52,-17
4232,59,-14
4233,70,-3
4234,-68,3
4235,69,1
4236,-63,24
4237,42,19
4238,7,49
4239,52,13
4240,-40,30
4241,60,-15
4242,19,48
4243,-66,5
4244,55,19
4245,69,2
4246,-72,21
4247,6,-51
4248,-68,24
4249,-67,3
4250,24,46
4251,-45,37
4252,36,-24
4253,-44,38
4254,-45,38
4255,67,1
4256,28,-30
4257,-3,-56
4258,5,-57
4259,-6,-61
4260,14,55
4261,45,-28
4262,-48,-17
4263,10,53
4264,-46,-15
4265,55,-10
4266,59,21
4267,-70,10
4268,-43,39
4269,-4,37
4270,66,-14
4271,-53,-17
4272,21,-31
4273,62,5
4274,-71,20
4275,-9,-54
4276,63,-7
4277,11,54
4278,-50,25
4279,-54,-8
4280,69,-5
4281,47,23
4282,-45,29
4283,-9,-58
4284,14,51
4285,54,16
4286,-52,21
4287,-27,-14
4288,41,-32
4289,-45,-15
4290,-18,-50
4291,-37,21
4292,-73,11
4293,24,-31
4294,67,-13
4295,-24,-38
4296,6,-55
4297,-53,-18
4298,36,-17
4299,69,3
4300,-31,-7
4301,18,-27
4302,3,-56
4303,-10,-58
4304,-49,-17
4305,-19,-52
4306,-56,-1
4307,-69,1
4308,-13,34
4309,-12,31
4310,42,-29
4311,-43,40
4312,-54,-7
4313,-46,37
4314,-41,37
4315,5,48
4316,70,3
4317,-72,12
4318,55,7
4319,69,-6
4320,-29,-21
4321,-23,-41
4322,-69,0
4323,-74,18
4324,7,-55
4325,-9,-59
4326,23,45
4327,-72,15
4328,-8,-60
4329,30,-33
4330,11,55
4331,29,-34
4332,-60,21
4333,37,17
4334,-74,16
4335,-26,25
4336,4,-57
4337,-72,10
4338,-8,-61
4339,-15,-53
4340,60,21
4341,57,22
4342,13,-33
4343,-23,-24
4344,44,-27
4345,68,-13
4346,23,-30
4347,-23,-35
4348,40,-31
4349,-73,20
4350,-20,-51
4351,-66,24
4352,69,-1
4353,36,-31
4354,-70,1
4355,39,-13
4356,-73,14
4357,-52,-18
4358,-68,10
4359,63,4
4360,68,-5
4361,52,5
4362,70,1
4363,-21,-41
4364,-42,-9
4365,-10,-57
4366,69,-7
4367,71,3
4368,41,-33
4369,-7,40
4370,-50,28
4371,-6,-62
4372,-74,20
4373,43,-29
4374,27,22
4375,58,-14
4376,6,-56
4377,7,50
4378,-74,15
4379,-74,19
4380,28,-35
4381,-29,21
4382,-70,13
4383,50,-16
4384,-53,-16
4385,-42,38
4386,-7,-62
4387,15,51
4388,-54,-18
4389,57,16
4390,53,13
4391,47,24
4392,13,56
4393,30,-34
4394,64,-7
4395,48,-15
4396,-22,-41
4397,-20,-52
4398,-54,-9
4399,-9,-61
4400,-54,-19
4401,12,56
4402,10,55
4403,47,25
4404,71,-3
4405,24,48
4406,-11,-58
4407,-75,16
4408,6,-50
4409,42,-33
4410,-5,-61
4411,26,24
4412,-31,-19
4413,57,-14
4414,27,-34
4415,24,-32
4416,-51,-17
4417,-75,17
4418,-10,-59
4419,55,24
4420,-73,13
4421,-22,-48
4422,15,55
4423,25,12
4424,42,-34
4425,-22,-49
4426,-56,-3
4427,7,-54
4428,57,15
4429,6,-46
4430,22,35
4431,15,52
4432,23,39
4433,60,20
4434,42,-31
4435,-54,-17
4436,-10,-60
4437,-3,-57
4438,28,-36
4439,39,-22
4440,64,2
4441,28,39
4442,59,-15
4443,38,12
4444,68,-14
4445,14,56
4446,-47,37
4447,-73,10
4448,43,-34
4449,-5,-62
4450,11,56
4451,60,22
4452,-25,28
4453,-55,-9
4454,0,41
4455,43,-30
4456,70,-1
4457,61,22
4458,-13,-52
4459,-19,-50
4460,24,41
4461,-28,-17
4462,-24,-40
4463,-48,32
4464,-74,10
4465,5,45
4466,-6,-63
4467,24,26
4468,64,4
4469,12,57
4470,69,-13
4471,70,-7
4472,-24,-26
4473,55,12
4474,69,4
4475,-20,-30
4476,-74,13
4477,-47,35
4478,-54,-12
4479,-76,16
4480,14,57
4481,-75,15
4482,-48,-18
4483,45,-29
4484,4,-58
4485,-9,38
4486,61,-16
4487,46,23
4488,11,57
4489,13,57
4490,-8,40
4491,49,23
4492,-63,25
4493,-70,24
4494,-75,14
4495,6,-47
4496,67,2
4497,71,-4
4498,-9,-62
4499,70,0
4500,62,-9
4501,-24,-41
4502,-66,25
4503,71,-2
4504,-76,14
4505,17,50
4506,71,-1
4507,55,23
4508,68,-15
4509,-47,29
4510,10,57
4511,26,-34
4512,-17,-54
4513,-50,-17
4514,-65,8
4515,60,19
4516,-21,-51
4517,71,1
4518,61,20
4519,-69,-1
4520,61,-17
4521,-28,21
4522,30,-35
4523,-34,28
4524,-11,39
4525,-5,-63
4526,68,-16
4527,56,-14
4528,-54,26
4529,-70,2
4530,44,-34
4531,4,48
4532,-44,40
4533,-41,38
4534,15,54
4535,-75,20
4536,-22,-42
4537,3,48
4538,-26,28
4539,26,47
4540,45,-27
4541,19,49
4542,68,-12
4543,-76,17
4544,18,-28
4545,-62,23
4546,-49,32
4547,43,-35
4548,-22,-43
4549,14,58
4550,9,-38
4551,71,0
4552,-16,-54
4553,56,12
4554,-57,18
4555,25,17
4556,27,47
4557,-11,-60
4558,-77,17
4559,72,0
4560,6,-57
4561,20,48
4562,55,26
4563,-24,-42
4564,23,42
4565,26,48
4566,72,-2
4567,49,-16
4568,33,11
4569,38,-15
4570,-54,19
4571,7,-57
4572,17,51
4573,15,57
4574,31,-35
4575,-20,-53
4576,-49,30
4577,16,52
4578,-53,23
4579,71,2
4580,-21,-43
4581,-48,34
4582,-11,-61
4583,28,37
4584,-55,-19
4585,43,-33
4586,62,-17
4587,-54,-20
4588,-15,28
4589,68,3
4590,-61,18
4591,-18,-49
4592,48,25
4593,27,48
4594,-70,3
4595,72,2
4596,-41,33
4597,-54,-21
4598,-28,-14
4599,-62,25
4600,-41,36
4601,-26,13
4602,-66,1
4603,20,49
4604,69,-14
4605,-70,25
4606,65,-2
4607,-71,24
4608,-70,0
4609,-71,0
4610,-16,-45
4611,-63,1
4612,-64,-2
4613,60,-16
4614,-70,26
4615,73,-2
4616,-22,-29
4617,4,49
4618,7,-50
4619,22,48
4620,-66,26
4621,62,22
4622,-47,36
4623,34,-32
4624,-43,41
4625,-44,41
4626,-18,-53
4627,-72,22
4628,6,-58
4629,-68,25
4630,-71,1
4631,65,-14
4632,68,-4
4633,59,5
4634,43,21
4635,-17,28
4636,66,2
4637,37,-31
4638,-21,-32
4639,-74,11
4640,-55,-21
4641,17,52
4642,-76,13
4643,60,18
4644,-40,33
4645,-62,26
4646,43,-32
4647,-57,-3
4648,-54,-16
4649,35,-32
4650,27,-31
4651,70,-8
4652,25,41
4653,-9,-63
4654,-77,13
4655,11,58
4656,-55,-17
4657,50,20
4658,-77,14
4659,49,25
4660,73,2
4661,-14,32
4662,-40,38
4663,64,-14
4664,-11,-56
4665,-51,-18
4666,42,21
4667,-71,9
4668,-20,29
4669,60,23
4670,-76,12
4671,-12,-61
4672,71,-5
4673,28,48
4674,69,5
4675,-28,-12
4676,68,-17
4677,-18,-43
4678,-23,-34
4679,-75,11
4680,27,49
4681,39,-30
4682,-56,25
4683,-47,28
4684,46,-29
4685,-10,-63
4686,3,47
4687,64,-8
4688,70,-14
4689,-25,-40
4690,-54,-5
4691,46,24
4692,-67,26
4693,-9,40
4694,-78,13
4695,11,59
4696,16,55
4697,-57,25
4698,-2,-55
4699,74,2
4700,-73,9
4701,68,-18
4702,-55,-18
4703,-78,17
4704,-21,27
4705,69,-8
4706,61,19
4707,27,24
4708,-54,-15
4709,3,-58
4710,-42,39
4711,56,23
4712,-19,28
4713,64,-15
4714,-7,-56
4715,22,37
4716,-34,-7
4717,-48,36
4718,69,-16
4719,65,2
4720,57,23
4721,28,36
4722,-25,-41
4723,-30,-21
4724,29,48
4725,-60,1
4726,65,4
4727,-11,40
4728,-42,40
4729,13,-34
4730,-13,-53
4731,2,42
4732,-12,-58
4733,39,18
4734,-14,-53
4735,-12,-59
4736,-56,-18
4737,-56,-17
4738,-58,25
4739,74,3
4740,-69,-2
4741,-48,35
4742,-71,25
4743,-77,15
4744,43,-36
4745,51,-16
4746,-11,41
4747,13,58
4748,61,23
4749,69,-17
4750,-27,-22
4751,70,-17
4752,7,-58
4753,-43,42
4754,-66,27
4755,3,46
4756,-14,-54
4757,9,55
4758,44,-30
4759,-79,17
4760,39,-19
4761,-76,18
4762,30,48
4763,29,38
4764,-9,-64
4765,70,-16
4766,-71,-1
4767,-42,41
4768,-55,-7
4769,15,-26
4770,72,-5
4771,-79,13
4772,-25,29
4773,-5,-64
4774,67,3
4775,-12,-60
4776,-76,20
4777,-55,27
4778,69,-15
4779,63,-17
4780,46,-28
4781,-79,14
4782,73,-3
4783,-45,-11
4784,23,50
4785,16,57
4786,-53,-21
4787,-47,38
4788,-71,23
4789,-50,26
4790,63,-16
4791,71,-16
4792,27,40
4793,62,21
4794,-50,29
4795,42,-36
4796,5,49
4797,-78,15
4798,-67,27
4799,30,47
4800,-34,-8
4801,64,5
4802,-58,26
4803,62,23
4804,-4,-57
4805,62,19
4806,30,49
4807,-57,19
4808,-55,-16
4809,-8,-64
4810,66,-10
4811,22,-31
4812,44,-35
4813,-68,4
4814,-72,24
4815,68,-19
4816,-64,-3
4817,-56,-19
4818,43,-37
4819,44,-31
4820,-77,20
4821,61,-18
4822,-20,-49
4823,8,-54
4824,-4,-61
4825,9,57
4826,1,43
4827,17,55
4828,68,-11
4829,-48,38
4830,-21,26
4831,14,-33
4832,72,-4
4833,-49,31
4834,45,-34
4835,4,50
4836,-56,-21
4837,-40,34
4838,-75,21
4839,8,53
4840,60,17
4841,41,-27
4842,52,22
4843,70,-18
4844,-21,-52
4845,-39,32
4846,-54,-13
4847,61,17
4848,4,51
4849,-10,-64
4850,-21,-53
4851,-2,-56
4852,33,-32
4853,61,5
4854,-56,27
4855,-72,23
4856,17,57
4857,-75,10
4858,73,-5
4859,18,49
4860,28,35
4861,-22,-53
4862,-22,-51
4863,-79,12
4864,26,-35
4865,24,49
4866,-55,-5
4867,38,20
4868,4,-59
4869,-78,20
4870,1,-56
4871,-73,23
4872,-13,-60
4873,-79,20
4874,-3,-58
4875,-22,-44
4876,-80,12
4877,-79,16
4878,39,-31
4879,-23,-49
4880,-12,41
4881,-12,-62
4882,-7,41
4883,-57,-21
4884,65,-8
4885,28,-37
4886,68,-10
4887,52,-11
4888,-4,-64
4889,-47,39
4890,-80,20
4891,59,23
4892,15,58
4893,-4,-62
4894,-11,-64
4895,-76,11
4896,37,-32
4897,-13,-54
4898,71,-7
4899,-11,42
4900,72,-16
4901,-23,-51
4902,56,24
4903,50,25
4904,-79,21
4905,7,-46
4906,72,-1
4907,-10,-65
4908,5,-51
4909,-12,-63
4910,72,-7
4911,-51,-19
4912,-50,30
4913,63,-18
4914,-49,36
4915,6,-48
4916,-13,-58
4917,-23,-25
4918,-22,-33
4919,70,-19
4920,-22,-31
4921,47,-16
4922,-46,39
4923,-20,-54
4924,-76,10
4925,71,-14
4926,-27,28
4927,-25,-37
4928,70,5
4929,-48,39
4930,52,-13
4931,14,59
4932,-26,-37
4933,50,26
4934,8,55
4935,-80,11
4936,62,-18
4937,-22,-54
4938,57,24
4939,-72,-1
4940,-4,-60
4941,-58,-21
4942,59,17
4943,72,-17
4944,-26,-28
4945,67,-18
4946,44,-32
4947,12,58
4948,-49,33
4949,32,-35
4950,49,26
4951,35,-29
4952,-69,24
4953,29,49
4954,8,-55
4955,7,-59
4956,7,-53
4957,-21,-44
4958,-3,37
4959,-14,-58
4960,-72,25
4961,-73,24
4962,26,16
4963,44,-36
4964,72,-14
4965,62,-19
4966,-18,-54
4967,70,-20
4968,66,-8
4969,-34,29
4970,31,49
4971,51,22
4972,-4,-65
4973,-56,26
4974,-65,25
4975,47,26
4976,21,-32
4977,-13,36
4978,41,-36
4979,-14,36
4980,-56,-7
4981,-14,-59
4982,-70,27
4983,21,49
4984,-45,39
4985,45,-31
4986,-57,-7
4987,73,-6
4988,-24,-35
4989,-67,5
4990,-59,-21
4991,-27,-37
4992,-46,40
4993,-23,-54
4994,38,-26
4995,-53,-19
4996,21,-33
4997,9,58
4998,38,21
4999,50,-17
5000,-31,-21
5001,-28,-37
5002,-70,-2
5003,70,4
5004,9,-54
5005,-59,26
5006,8,-59
5007,41,21
5008,-52,-21
5009,65,5
5010,-77,10
5011,4,-60
5012,13,59
5013,5,50
5014,-46,41
5015,64,-17
5016,-51,-21
5017,58,24
5018,24,36
5019,-55,-15
5020,-74,21
5021,58,-13
5022,-77,9
5023,27,50
5024,-67,28
5025,15,56
5026,-48,40
5027,-23,-52
5028,-67,0
5029,-81,20
5030,-23,-43
5031,-78,18
5032,-43,43
5033,31,50
5034,-8,-65
5035,30,46
5036,53,-13
5037,-79,22
5038,-71,26
5039,-50,-21
5040,63,22
5041,-18,-55
5042,71,-8
5043,-49,38
5044,75,3
5045,-69,-3
5046,44,17
5047,74,1
5048,23,51
5049,-34,26
5050,45,-33
5051,-58,-3
5052,32,-36
5053,18,51
5054,-4,38
5055,-80,14
5056,8,57
5057,-72,26
5058,-72,-2
5059,8,-58
5060,11,60
5061,-25,30
5062,10,60
5063,-18,-56
5064,-81,14
5065,46,21
5066,72,-15
5067,70,-21
5068,-48,37
5069,8,-57
5070,-59,-20
5071,8,-60
5072,17,56
5073,67,-16
5074,62,-20
5075,-15,-58
5076,63,21
5077,69,6
5078,-54,27
5079,8,-46
5080,-14,34
5081,-8,-66
5082,57,14
5083,-46,42
5084,-72,27
5085,-54,28
5086,-3,-59
5087,29,-35
5088,56,26
5089,37,18
5090,-56,-16
5091,69,-9
5092,-7,-66
5093,8,-56
5094,5,-60
5095,-27,27
5096,54,6
5097,56,-15
5098,-57,-18
5099,-4,-66
5100,-15,-59
5101,27,-37
5102,61,-20
5103,18,-29
5104,14,-29
5105,32,-32
5106,69,-12
5107,-72,0
5108,46,-27
5109,-58,-18
5110,71,-18
5111,-26,-36
5112,-74,23
5113,57,2
5114,7,55
5115,-78,10
5116,61,16
5117,1,-57
5118,-80,17
5119,44,-26
5120,-57,-16
5121,55,-14
5122,-20,-55
5123,-13,-63
5124,-56,-15
5125,-29,-37
5126,-16,-59
5127,-15,-60
5128,58,25
5129,75,1
5130,-77,8
5131,66,5
5132,2,47
5133,6,55
5134,8,58
5135,69,-21
5136,-62,27
5137,10,61
5138,46,-33
5139,-70,28
5140,68,-21
5141,-23,-53
5142,-14,31
5143,23,52
5144,47,-29
5145,70,-12
5146,9,-58
5147,-17,-56
5148,7,58
5149,-60,-21
5150,76,1
5151,-19,-55
5152,-81,11
5153,68,-22
5154,36,-30
5155,69,-10
5156,70,-13
5157,11,61
5158,67,-19
5159,20,-33
5160,-81,17
5161,-65,-2
5162,-24,-25
5163,-81,10
5164,-15,-61
5165,-40,37
5166,-7,42
5167,71,-21
5168,-67,10
5169,1,47
5170,-78,22
5171,17,58
5172,-79,23
5173,-22,-55
5174,-50,32
5175,-45,-16
5176,-80,22
5177,-67,29
5178,-73,0
5179,-41,40
5180,22,51
5181,7,-51
5182,-44,43
5183,-14,-63
5184,-49,-21
5185,60,24
5186,-20,-56
5187,-46,43
5188,31,48
5189,7,57
5190,-47,41
5191,18,52
5192,62,20
5193,-79,19
5194,56,-16
5195,-13,-55
5196,-75,23
5197,16,53
5198,-74,9
5199,-2,-59
5200,33,-36
5201,7,56
5202,-9,-65
5203,-9,39
5204,62,17
5205,18,58
5206,13,60
5207,50,27
5208,67,-22
5209,-80,15
5210,-82,11
5211,47,-30
5212,77,1
5213,23,53
5214,-15,36
5215,18,55
5216,77,2
5217,38,22
5218,-66,8
5219,-81,9
5220,18,53
5221,-82,9
5222,22,50
5223,-21,-45
5224,64,21
5225,-81,21
5226,9,60
5227,67,-20
5228,-16,36
5229,25,18
5230,-81,8
5231,59,20
5232,8,59
5233,-63,-1
5234,23,44
5235,-6,-64
5236,71,-13
5237,-14,35
5238,21,-34
5239,7,59
5240,-30,-37
5241,46,-31
5242,63,20
5243,52,23
5244,29,37
5245,-21,-54
5246,-22,-56
5247,-31,17
5248,-78,8
5249,-57,-4
5250,27,-38
5251,74,4
5252,28,-38
5253,-17,-57
5254,-80,18
5255,-15,-63
5256,-22,-57
5257,29,39
5258,78,2
5259,-45,41
5260,-60,26
5261,-69,9
5262,-49,-20
5263,-3,-64
5264,-10,40
5265,-14,-64
5266,-48,-21
5267,-8,-67
5268,-76,8
5269,64,6
5270,61,15
5271,-31,-20
5272,70,-9
5273,25,-35
5274,30,39
5275,5,-61
5276,-81,22
5277,-24,-34
5278,-83,9
5279,-45,43
5280,56,-17
5281,-58,-16
5282,-25,-26
5283,-27,-23
5284,0,47
5285,8,-50
5286,70,-22
5287,36,-29
5288,-80,23
5289,-82,22
5290,63,-20
5291,-22,-47
5292,18,56
5293,-73,25
5294,8,-47
5295,64,-20
5296,18,54
5297,8,-61
5298,28,-39
5299,38,-31
5300,69,7
5301,-79,24
5302,4,-49
5303,26,-36
5304,9,61
5305,15,59
5306,41,22
5307,31,-34
5308,-48,-22
5309,-60,25
5310,-72,1
5311,-68,28
5312,-17,-58
5313,28,47
5314,-77,7
5315,31,39
5316,-40,39
5317,-28,-36
5318,31,-36
5319,6,48
5320,31,51
5321,-49,40
5322,57,4
5323,-78,7
5324,-15,-64
5325,60,-18
5326,28,49
5327,76,3
5328,58,26
5329,-84,9
5330,-45,44
5331,29,-39
5332,-43,44
5333,74,-3
5334,-20,30
5335,-83,8
5336,-44,-14
5337,47,27
5338,-71,-2
5339,51,26
5340,-70,-3
5341,3,-57
5342,54,8
5343,70,-11
5344,-53,-22
5345,-16,-61
5346,75,0
5347,-20,-57
5348,46,-34
5349,-11,-65
5350,5,-59
5351,37,-24
5352,13,61
5353,-42,43
5354,-71,8
5355,41,19
5356,-30,-22
5357,-73,8
5358,-74,8
5359,30,51
5360,-29,-38
5361,-73,-1
5362,0,-57
5363,-3,-66
5364,8,-53
5365,-77,22
5366,73,-14
5367,-49,34
5368,72,-21
5369,58,27
5370,31,52
5371,-6,40
5372,63,-21
5373,-56,-22
5374,-57,-22
5375,78,1
5376,56,25
5377,-83,10
5378,-7,-67
5379,-67,-1
5380,-68,26
5381,32,-37
5382,7,60
5383,-5,40
5384,-57,1
5385,-59,-3
5386,63,17
5387,-65,24
5388,-4,-67
5389,68,-23
5390,-9,-67
5391,-18,-57
5392,-77,23
5393,73,-21
5394,-16,-64
5395,31,53
5396,10,62
5397,-50,40
5398,-74,7
5399,-13,41
5400,-81,12
5401,-39,34
5402,-80,19
5403,-72,-3
5404,-10,-67
5405,32,51
5406,-67,30
5407,37,-23
5408,73,-22
5409,40,-36
5410,76,4
5411,0,-56
5412,-21,-30
5413,-49,41
5414,-57,-23
5415,59,27
5416,-23,-29
5417,45,23
5418,-84,8
5419,-81,7
5420,32,48
5421,26,49
5422,6,50
5423,60,27
5424,-82,14
5425,32,52
5426,71,-9
5427,75,-1
5428,45,-35
5429,-67,31
5430,-31,-37
5431,40,19
5432,68,-24
5433,73,0
5434,72,-22
5435,-48,-23
5436,61,-21
5437,6,59
5438,-3,-63
5439,61,27
5440,-61,-21
5441,-15,37
5442,56,27
5443,-25,-25
5444,-85,9
5445,17,59
5446,-13,42
5447,-11,43
5448,-44,-15
5449,-7,-68
5450,-80,7
5451,60,26
5452,31,46
5453,-23,-55
5454,73,-15
5455,29,50
5456,47,28
5457,14,61
5458,-24,-51
5459,-69,26
5460,-41,43
5461,6,54
5462,6,58
5463,63,23
5464,68,-25
5465,78,3
5466,14,60
5467,30,40
5468,-26,-25
5469,7,61
5470,-17,29
5471,57,-16
5472,28,40
5473,-78,11
5474,77,4
5475,-57,-24
5476,-17,-61
5477,-73,7
5478,-83,14
5479,-84,10
5480,-26,-27
5481,-54,29
5482,74,0
5483,-78,24
5484,8,-40
5485,-3,-62
5486,-59,27
5487,47,-34
5488,6,61
5489,48,27
5490,-51,26
5491,73,-7
5492,-80,16
5493,-74,-1
5494,-13,-64
5495,30,41
5496,54,26
5497,40,-33
5498,31,54
5499,5,61
5500,-22,-46
5501,-82,20
5502,54,13
5503,-56,-24
5504,32,54
5505,46,-32
5506,-19,-57
5507,54,27
5508,-15,-65
5509,-81,16
5510,66,4
5511,75,4
5512,44,-15
5513,-56,-14
5514,6,56
5515,-30,-38
5516,-16,-63
5517,-42,44
5518,-81,19
5519,-58,-4
5520,-57,-15
5521,10,63
5522,-45,45
5523,16,59
5524,-6,-65
5525,14,62
5526,-62,-21
5527,74,-21
5528,55,-16
5529,67,-24
5530,-16,35
5531,59,28
5532,-74,22
5533,-12,26
5534,73,-23
5535,-26,-41
5536,-32,-37
5537,-82,23
5538,9,-61
5539,47,-27
5540,73,-24
5541,-57,-14
5542,5,-62
5543,-12,43
5544,71,-20
5545,-6,-68
5546,4,43
5547,67,-25
5548,66,-25
5549,-57,-25
5550,-83,23
5551,-39,37
5552,-71,27
5553,58,28
5554,58,5
5555,-78,6
5556,65,21
5557,59,29
5558,-2,-60
5559,72,-18
5560,-38,31
5561,63,24
5562,-19,-58
5563,77,5
5564,59,26
5565,79,1
5566,41,-21
5567,-81,18
5568,-82,13
5569,-51,-22
5570,61,26
5571,-61,-22
5572,4,42
5573,46,-26
5574,-86,9
5575,-78,25
5576,5,51
5577,74,-4
5578,66,-26
5579,60,-17
5580,-32,-36
5581,-74,6
5582,-13,40
5583,39,-33
5584,-68,-3
5585,63,19
5586,30,54
5587,-33,-37
5588,-69,27
5589,-70,29
5590,-82,24
5591,9,-46
5592,42,-37
5593,-51,40
5594,-43,45
5595,-24,-53
5596,47,-35
5597,-58,-19
5598,68,-26
5599,-70,-4
5600,62,26
5601,9,63
5602,-25,-51
5603,76,5
5604,-17,-63
5605,4,61
5606,-83,15
5607,-52,40
5608,78,5
5609,69,-25
5610,-84,23
5611,-81,24
5612,-57,-26
5613,-58,-22
5614,32,55
5615,-57,-27
5616,32,46
5617,-48,-24
5618,-47,42
5619,25,39
5620,-14,37
5621,74,-15
5622,-23,-48
5623,-72,28
5624,30,-39
5625,-82,16
5626,72,-20
5627,-23,-57
5628,5,62
5629,5,-63
5630,27,-39
5631,-51,41
5632,32,50
5633,68,-27
5634,-51,-23
5635,-2,-63
5636,-84,15
5637,-1,-63
5638,-28,-35
5639,4,-61
5640,14,63
5641,-25,-53
5642,63,-22
5643,-6,-66
5644,-56,-27
5645,33,52
5646,-72,29
5647,-39,39
5648,34,52
5649,47,-17
5650,24,50
5651,68,-28
5652,51,27
5653,-51,42
5654,-74,25
5655,-65,0
5656,-11,-67
5657,-38,37
5658,20,-34
5659,-3,-67
5660,-69,29
5661,-60,-22
5662,76,6
5663,19,54
5664,7,62
5665,9,-42
5666,-83,7
5667,50,22
5668,-82,7
5669,-87,9
5670,-62,-22
5671,-66,30
5672,-55,-11
5673,-53,40
5674,3,50
5675,64,23
5676,-79,6
5677,-78,26
5678,-81,25
5679,75,5
5680,-11,-66
5681,9,-40
5682,12,59
5683,-2,-66
5684,70,-25
5685,7,-60
5686,73,-20
5687,78,6
5688,3,-60
5689,10,64
5690,0,48
5691,69,-28
5692,79,3
5693,-87,8
5694,48,-34
5695,-18,-63
5696,3,42
5697,-88,8
5698,-88,9
5699,31,40
5700,5,58
5701,9,-62
5702,26,-38
5703,-84,14
5704,8,-62
5705,-21,-50
5706,-7,43
5707,-54,30
5708,-51,43
5709,-46,45
5710,-81,6
5711,28,-40
5712,73,-19
5713,70,-26
5714,61,28
5715,32,40
5716,-61,-20
5717,-75,25
5718,-62,-2
5719,30,-40
5720,-24,-55
5721,79,0
5722,75,-2
5723,0,-63
5724,10,-61
5725,-53,41
5726,-9,-68
5727,4,60
5728,19,58
5729,-26,-40
5730,1,48
5731,-71,29
5732,-68,31
5733,4,58
5734,79,5
5735,-9,-69
5736,-68,-4
5737,42,-38
5738,-82,6
5739,-18,-58
5740,10,-54
5741,-82,25
5742,33,46
5743,48,-33
5744,-57,0
5745,1,46
5746,-48,42
5747,34,51
5748,-56,-28
5749,-9,-70
5750,75,-15
5751,-25,31
5752,-89,9
5753,-89,10
5754,33,-37
5755,57,28
5756,-12,39
5757,-73,6
5758,-84,11
5759,32,56
5760,62,25
5761,-82,26
5762,-21,-55
5763,-71,-4
5764,8,-49
5765,-24,-48
5766,9,-59
5767,-34,-37
5768,19,57
5769,30,-41
5770,25,-36
5771,7,-62
5772,34,-36
5773,74,-19
5774,74,-14
5775,31,-41
5776,-20,-58
5777,-57,-13
5778,74,-24
5779,33,55
5780,49,-33
5781,-89,8
5782,-52,42
5783,-89,11
5784,-16,-60
5785,10,65
5786,2,-58
5787,75,-3
5788,-58,-26
5789,-25,-52
5790,-62,-23
5791,-56,28
5792,5,54
5793,-83,16
5794,65,6
5795,8,-52
5796,-89,12
5797,68,7
5798,-86,10
5799,-4,34
5800,56,-13
5801,-26,-53
5802,-64,-4
5803,12,60
5804,43,-38
5805,20,58
5806,-45,46
5807,-72,6
5808,-81,5
5809,-8,42
5810,3,60
5811,15,60
5812,33,56
5813,-14,41
5814,67,7
5815,76,-2
5816,74,-16
5817,-65,27
5818,-90,10
5819,30,53
5820,-54,40
5821,-32,-19
5822,-5,-66
5823,-11,-68
5824,34,56
5825,-88,11
5826,-13,43
5827,73,-25
5828,10,-59
5829,5,56
5830,1,44
5831,-9,-71
5832,47,29
5833,-12,-68
5834,-83,24
5835,33,57
5836,44,-38
5837,-51,30
5838,54,28
5839,20,57
5840,77,0
5841,-58,-23
5842,15,61
5843,75,-14
5844,-88,7
5845,0,-64
5846,62,27
5847,47,-32
5848,-33,-36
5849,33,48
5850,-73,27
5851,-86,8
5852,36,-32
5853,80,3
5854,-77,6
5855,-85,23
5856,-56,-29
5857,-23,-58
5858,17,60
5859,-17,-59
5860,74,-23
5861,-83,20
5862,-56,-8
5863,68,-29
5864,7,63
5865,61,29
5866,56,28
5867,47,30
5868,-71,2
5869,15,62
5870,-23,-56
5871,-53,-23
5872,-28,-23
5873,6,63
5874,-53,-24
5875,70,-28
5876,45,24
5877,44,-16
5878,-59,-26
5879,71,4
5880,20,-30
5881,-81,4
5882,-50,42
5883,29,53
5884,75,-23
5885,66,21
5886,-57,-12
5887,-11,44
5888,64,7
5889,-82,17
5890,-2,-62
5891,-80,25
5892,-13,-65
5893,16,62
5894,73,-17
5895,-67,32
5896,33,50
5897,80,2
5898,-52,43
5899,0,46
5900,50,-33
5901,32,-41
5902,-35,27
5903,59,6
5904,-10,42
5905,11,63
5906,-70,-5
5907,66,-27
5908,-26,31
5909,76,-23
5910,-65,-4
5911,-8,-69
5912,-79,26
5913,74,-22
5914,-44,46
5915,-40,40
5916,-49,35
5917,-25,-50
5918,25,49
5919,27,51
5920,-86,7
5921,-31,-36
5922,-63,-23
5923,-47,43
5924,-74,26
5925,-72,30
5926,75,-19
5927,-59,-16
5928,34,-37
5929,-69,31
5930,-30,22
5931,24,42
5932,-21,-58
5933,40,-15
5934,67,-23
5935,81,3
5936,78,7
5937,-81,3
5938,-25,-39
5939,31,47
5940,63,27
5941,-33,29
5942,-24,-56
5943,-64,-23
5944,-48,-25
5945,-63,-3
5946,-14,40
5947,74,-17
5948,34,-35
5949,-2,-65
5950,-72,5
5951,-72,2
5952,-18,-62
5953,-10,-69
5954,-1,-64
5955,-79,27
5956,2,50
5957,62,29
5958,-84,22
5959,28,51
5960,60,29
5961,81,4
5962,-50,43
5963,-56,29
5964,27,25
5965,-19,-59
5966,-86,23
5967,8,63
5968,-4,-68
5969,82,4
5970,-19,-60
5971,14,64
5972,-83,26
5973,32,57
5974,33,54
5975,-47,-25
5976,11,-59
5977,-55,40
5978,-87,11
5979,-24,-57
5980,-6,-67
5981,48,-35
5982,-13,-68
5983,40,-37
5984,-83,27
5985,59,30
5986,69,-29
5987,-84,16
5988,-81,2
5989,1,-63
5990,-83,21
5991,-7,44
5992,-39,35
5993,71,-11
5994,16,63
5995,76,7
5996,-77,5
5997,-43,46
5998,-9,-72
5999,-19,-61
6000,1,49
